Hora_Anual,DNI_W_m2,H2_kg
1,0.0,0.0
2,0.0,0.0
3,0.0,0.0
4,0.0,0.0
5,0.0,0.0
6,0.0,0.0
7,0.0,0.0
8,225.0,0.4286
9,500.85,0.4286
10,732.4,0.4286
11,899.17,0.4286
12,986.41,0.4286
13,986.41,0.4286
14,899.17,0.4286
15,732.4,0.4286
16,500.85,0.4286
17,225.0,0.4286
18,0.0,0.0
19,0.0,0.0
20,0.0,0.0
21,0.0,0.0
22,0.0,0.0
23,0.0,0.0
24,0.0,0.0
25,0.0,0.0
26,0.0,0.0
27,0.0,0.0
28,0.0,0.0
29,0.0,0.0
30,0.0,0.0
31,0.0,0.0
32,237.48,0.4286
33,527.65,0.4286
34,771.19,0.4286
35,946.59,0.4286
36,1038.34,0.4286
37,1038.34,0.4286
38,946.59,0.4286
39,771.19,0.4286
40,527.65,0.4286
41,237.48,0.4286
42,0.0,0.0
43,0.0,0.0
44,0.0,0.0
45,0.0,0.0
46,0.0,0.0
47,0.0,0.0
48,0.0,0.0
49,0.0,0.0
50,0.0,0.0
51,0.0,0.0
52,0.0,0.0
53,0.0,0.0
54,0.0,0.0
55,0.0,0.0
56,238.17,0.4286
57,528.12,0.4286
58,771.46,0.4286
59,946.69,0.4286
60,1038.35,0.4286
61,1038.35,0.4286
62,946.69,0.4286
63,771.46,0.4286
64,528.12,0.4286
65,238.17,0.4286
66,0.0,0.0
67,0.0,0.0
68,0.0,0.0
69,0.0,0.0
70,0.0,0.0
71,0.0,0.0
72,0.0,0.0
73,0.0,0.0
74,0.0,0.0
75,0.0,0.0
76,0.0,0.0
77,0.0,0.0
78,0.0,0.0
79,0.0,0.0
80,238.92,0.4286
81,528.64,0.4286
82,771.74,0.4286
83,946.8,0.4286
84,1038.36,0.4286
85,1038.36,0.4286
86,946.8,0.4286
87,771.74,0.4286
88,528.64,0.4286
89,238.92,0.4286
90,0.0,0.0
91,0.0,0.0
92,0.0,0.0
93,0.0,0.0
94,0.0,0.0
95,0.0,0.0
96,0.0,0.0
97,0.0,0.0
98,0.0,0.0
99,0.0,0.0
100,0.0,0.0
101,0.0,0.0
102,0.0,0.0
103,0.0,0.0
104,239.72,0.4286
105,529.19,0.4286
106,772.05,0.4286
107,946.92,0.4286
108,1038.38,0.4286
109,1038.38,0.4286
110,946.92,0.4286
111,772.05,0.4286
112,529.19,0.4286
113,239.72,0.4286
114,0.0,0.0
115,0.0,0.0
116,0.0,0.0
117,0.0,0.0
118,0.0,0.0
119,0.0,0.0
120,0.0,0.0
121,0.0,0.0
122,0.0,0.0
123,0.0,0.0
124,0.0,0.0
125,0.0,0.0
126,0.0,0.0
127,0.0,0.0
128,240.57,0.4286
129,529.78,0.4286
130,772.39,0.4286
131,947.04,0.4286
132,1038.39,0.4286
133,1038.39,0.4286
134,947.04,0.4286
135,772.39,0.4286
136,529.78,0.4286
137,240.57,0.4286
138,0.0,0.0
139,0.0,0.0
140,0.0,0.0
141,0.0,0.0
142,0.0,0.0
143,0.0,0.0
144,0.0,0.0
145,0.0,0.0
146,0.0,0.0
147,0.0,0.0
148,0.0,0.0
149,0.0,0.0
150,0.0,0.0
151,0.0,0.0
152,241.48,0.4286
153,530.41,0.4286
154,772.74,0.4286
155,947.18,0.4286
156,1038.41,0.4286
157,1038.41,0.4286
158,947.18,0.4286
159,772.74,0.4286
160,530.41,0.4286
161,241.48,0.4286
162,0.0,0.0
163,0.0,0.0
164,0.0,0.0
165,0.0,0.0
166,0.0,0.0
167,0.0,0.0
168,0.0,0.0
169,0.0,0.0
170,0.0,0.0
171,0.0,0.0
172,0.0,0.0
173,0.0,0.0
174,0.0,0.0
175,0.0,0.0
176,230.33,0.4286
177,504.52,0.4286
178,734.45,0.4286
179,899.95,0.4286
180,986.5,0.4286
181,986.5,0.4286
182,899.95,0.4286
183,734.45,0.4286
184,504.52,0.4286
185,230.33,0.4286
186,0.0,0.0
187,0.0,0.0
188,0.0,0.0
189,0.0,0.0
190,0.0,0.0
191,0.0,0.0
192,0.0,0.0
193,0.0,0.0
194,0.0,0.0
195,0.0,0.0
196,0.0,0.0
197,0.0,0.0
198,0.0,0.0
199,0.0,0.0
200,243.47,0.4286
201,531.78,0.4286
202,773.5,0.4286
203,947.47,0.4286
204,1038.44,0.4286
205,1038.44,0.4286
206,947.47,0.4286
207,773.5,0.4286
208,531.78,0.4286
209,243.47,0.4286
210,0.0,0.0
211,0.0,0.0
212,0.0,0.0
213,0.0,0.0
214,0.0,0.0
215,0.0,0.0
216,0.0,0.0
217,0.0,0.0
218,0.0,0.0
219,0.0,0.0
220,0.0,0.0
221,0.0,0.0
222,0.0,0.0
223,0.0,0.0
224,244.54,0.4286
225,532.51,0.4286
226,773.92,0.4286
227,947.63,0.4286
228,1038.46,0.4286
229,1038.46,0.4286
230,947.63,0.4286
231,773.92,0.4286
232,532.51,0.4286
233,244.54,0.4286
234,0.0,0.0
235,0.0,0.0
236,0.0,0.0
237,0.0,0.0
238,0.0,0.0
239,0.0,0.0
240,0.0,0.0
241,0.0,0.0
242,0.0,0.0
243,0.0,0.0
244,0.0,0.0
245,0.0,0.0
246,0.0,0.0
247,0.0,0.0
248,245.66,0.4286
249,533.29,0.4286
250,774.35,0.4286
251,947.79,0.4286
252,1038.48,0.4286
253,1038.48,0.4286
254,947.79,0.4286
255,774.35,0.4286
256,533.29,0.4286
257,245.66,0.4286
258,0.0,0.0
259,0.0,0.0
260,0.0,0.0
261,0.0,0.0
262,0.0,0.0
263,0.0,0.0
264,0.0,0.0
265,0.0,0.0
266,0.0,0.0
267,0.0,0.0
268,0.0,0.0
269,0.0,0.0
270,0.0,0.0
271,0.0,0.0
272,246.83,0.4286
273,534.1,0.4286
274,774.8,0.4286
275,947.97,0.4286
276,1038.5,0.4286
277,1038.5,0.4286
278,947.97,0.4286
279,774.8,0.4286
280,534.1,0.4286
281,246.83,0.4286
282,0.0,0.0
283,0.0,0.0
284,0.0,0.0
285,0.0,0.0
286,0.0,0.0
287,0.0,0.0
288,0.0,0.0
289,0.0,0.0
290,0.0,0.0
291,0.0,0.0
292,0.0,0.0
293,0.0,0.0
294,0.0,0.0
295,0.0,0.0
296,248.06,0.4286
297,534.94,0.4286
298,775.27,0.4286
299,948.15,0.4286
300,1038.52,0.4286
301,1038.52,0.4286
302,948.15,0.4286
303,775.27,0.4286
304,534.94,0.4286
305,248.06,0.4286
306,0.0,0.0
307,0.0,0.0
308,0.0,0.0
309,0.0,0.0
310,0.0,0.0
311,0.0,0.0
312,0.0,0.0
313,0.0,0.0
314,0.0,0.0
315,0.0,0.0
316,0.0,0.0
317,0.0,0.0
318,0.0,0.0
319,0.0,0.0
320,249.33,0.4286
321,535.82,0.4286
322,775.77,0.4286
323,948.34,0.4286
324,1038.54,0.4286
325,1038.54,0.4286
326,948.34,0.4286
327,775.77,0.4286
328,535.82,0.4286
329,249.33,0.4286
330,0.0,0.0
331,0.0,0.0
332,0.0,0.0
333,0.0,0.0
334,0.0,0.0
335,0.0,0.0
336,0.0,0.0
337,0.0,0.0
338,0.0,0.0
339,0.0,0.0
340,0.0,0.0
341,0.0,0.0
342,0.0,0.0
343,0.0,0.0
344,238.12,0.4286
345,509.89,0.4286
346,737.46,0.4286
347,901.1,0.4286
348,986.63,0.4286
349,986.63,0.4286
350,901.1,0.4286
351,737.46,0.4286
352,509.89,0.4286
353,238.12,0.4286
354,0.0,0.0
355,0.0,0.0
356,0.0,0.0
357,0.0,0.0
358,0.0,0.0
359,0.0,0.0
360,0.0,0.0
361,0.0,0.0
362,0.0,0.0
363,0.0,0.0
364,0.0,0.0
365,0.0,0.0
366,0.0,0.0
367,0.0,0.0
368,252.03,0.4286
369,537.67,0.4286
370,776.8,0.4286
371,948.73,0.4286
372,1038.58,0.4286
373,1038.58,0.4286
374,948.73,0.4286
375,776.8,0.4286
376,537.67,0.4286
377,252.03,0.4286
378,0.0,0.0
379,0.0,0.0
380,0.0,0.0
381,0.0,0.0
382,0.0,0.0
383,0.0,0.0
384,0.0,0.0
385,0.0,0.0
386,0.0,0.0
387,0.0,0.0
388,0.0,0.0
389,0.0,0.0
390,0.0,0.0
391,0.0,0.0
392,253.45,0.4286
393,538.65,0.4286
394,777.35,0.4286
395,948.94,0.4286
396,1038.61,0.4286
397,1038.61,0.4286
398,948.94,0.4286
399,777.35,0.4286
400,538.65,0.4286
401,253.45,0.4286
402,0.0,0.0
403,0.0,0.0
404,0.0,0.0
405,0.0,0.0
406,0.0,0.0
407,0.0,0.0
408,0.0,0.0
409,0.0,0.0
410,0.0,0.0
411,0.0,0.0
412,0.0,0.0
413,0.0,0.0
414,0.0,0.0
415,0.0,0.0
416,254.91,0.4286
417,539.66,0.4286
418,777.92,0.4286
419,949.16,0.4286
420,1038.63,0.4286
421,1038.63,0.4286
422,949.16,0.4286
423,777.92,0.4286
424,539.66,0.4286
425,254.91,0.4286
426,0.0,0.0
427,0.0,0.0
428,0.0,0.0
429,0.0,0.0
430,0.0,0.0
431,0.0,0.0
432,0.0,0.0
433,0.0,0.0
434,0.0,0.0
435,0.0,0.0
436,0.0,0.0
437,0.0,0.0
438,0.0,0.0
439,0.0,0.0
440,256.43,0.4286
441,540.7,0.4286
442,778.5,0.4286
443,949.38,0.4286
444,1038.66,0.4286
445,1038.66,0.4286
446,949.38,0.4286
447,778.5,0.4286
448,540.7,0.4286
449,256.43,0.4286
450,0.0,0.0
451,0.0,0.0
452,0.0,0.0
453,0.0,0.0
454,0.0,0.0
455,0.0,0.0
456,0.0,0.0
457,0.0,0.0
458,0.0,0.0
459,0.0,0.0
460,0.0,0.0
461,0.0,0.0
462,0.0,0.0
463,0.0,0.0
464,257.99,0.4286
465,541.77,0.4286
466,779.1,0.4286
467,949.61,0.4286
468,1038.68,0.4286
469,1038.68,0.4286
470,949.61,0.4286
471,779.1,0.4286
472,541.77,0.4286
473,257.99,0.4286
474,0.0,0.0
475,0.0,0.0
476,0.0,0.0
477,0.0,0.0
478,0.0,0.0
479,0.0,0.0
480,0.0,0.0
481,0.0,0.0
482,0.0,0.0
483,0.0,0.0
484,0.0,0.0
485,0.0,0.0
486,0.0,0.0
487,0.0,0.0
488,259.59,0.4286
489,542.87,0.4286
490,779.71,0.4286
491,949.84,0.4286
492,1038.71,0.4286
493,1038.71,0.4286
494,949.84,0.4286
495,779.71,0.4286
496,542.87,0.4286
497,259.59,0.4286
498,0.0,0.0
499,0.0,0.0
500,0.0,0.0
501,0.0,0.0
502,0.0,0.0
503,0.0,0.0
504,0.0,0.0
505,0.0,0.0
506,0.0,0.0
507,0.0,0.0
508,0.0,0.0
509,0.0,0.0
510,0.0,0.0
511,0.0,0.0
512,248.17,0.4286
513,516.8,0.4286
514,741.33,0.4286
515,902.58,0.4286
516,986.8,0.4286
517,986.8,0.4286
518,902.58,0.4286
519,741.33,0.4286
520,516.8,0.4286
521,248.17,0.4286
522,0.0,0.0
523,0.0,0.0
524,0.0,0.0
525,0.0,0.0
526,0.0,0.0
527,0.0,0.0
528,0.0,0.0
529,0.0,0.0
530,0.0,0.0
531,0.0,0.0
532,0.0,0.0
533,0.0,0.0
534,0.0,0.0
535,0.0,0.0
536,262.93,0.4286
537,545.17,0.4286
538,780.99,0.4286
539,950.33,0.4286
540,1038.77,0.4286
541,1038.77,0.4286
542,950.33,0.4286
543,780.99,0.4286
544,545.17,0.4286
545,262.93,0.4286
546,0.0,0.0
547,0.0,0.0
548,0.0,0.0
549,0.0,0.0
550,0.0,0.0
551,0.0,0.0
552,0.0,0.0
553,0.0,0.0
554,0.0,0.0
555,0.0,0.0
556,0.0,0.0
557,0.0,0.0
558,0.0,0.0
559,0.0,0.0
560,264.66,0.4286
561,546.35,0.4286
562,781.66,0.4286
563,950.59,0.4286
564,1038.8,0.4286
565,1038.8,0.4286
566,950.59,0.4286
567,781.66,0.4286
568,546.35,0.4286
569,264.66,0.4286
570,0.0,0.0
571,0.0,0.0
572,0.0,0.0
573,0.0,0.0
574,0.0,0.0
575,0.0,0.0
576,0.0,0.0
577,0.0,0.0
578,0.0,0.0
579,0.0,0.0
580,0.0,0.0
581,0.0,0.0
582,0.0,0.0
583,0.0,0.0
584,266.43,0.4286
585,547.57,0.4286
586,782.34,0.4286
587,950.84,0.4286
588,1038.82,0.4286
589,1038.82,0.4286
590,950.84,0.4286
591,782.34,0.4286
592,547.57,0.4286
593,266.43,0.4286
594,0.0,0.0
595,0.0,0.0
596,0.0,0.0
597,0.0,0.0
598,0.0,0.0
599,0.0,0.0
600,0.0,0.0
601,0.0,0.0
602,0.0,0.0
603,0.0,0.0
604,0.0,0.0
605,0.0,0.0
606,0.0,0.0
607,0.0,0.0
608,268.24,0.4286
609,548.81,0.4286
610,783.03,0.4286
611,951.11,0.4286
612,1038.86,0.4286
613,1038.86,0.4286
614,951.11,0.4286
615,783.03,0.4286
616,548.81,0.4286
617,268.24,0.4286
618,0.0,0.0
619,0.0,0.0
620,0.0,0.0
621,0.0,0.0
622,0.0,0.0
623,0.0,0.0
624,0.0,0.0
625,0.0,0.0
626,0.0,0.0
627,0.0,0.0
628,0.0,0.0
629,0.0,0.0
630,0.0,0.0
631,0.0,0.0
632,270.09,0.4286
633,550.08,0.4286
634,783.74,0.4286
635,951.38,0.4286
636,1038.89,0.4286
637,1038.89,0.4286
638,951.38,0.4286
639,783.74,0.4286
640,550.08,0.4286
641,270.09,0.4286
642,0.0,0.0
643,0.0,0.0
644,0.0,0.0
645,0.0,0.0
646,0.0,0.0
647,0.0,0.0
648,0.0,0.0
649,0.0,0.0
650,0.0,0.0
651,0.0,0.0
652,0.0,0.0
653,0.0,0.0
654,0.0,0.0
655,0.0,0.0
656,271.99,0.4286
657,551.38,0.4286
658,784.46,0.4286
659,951.66,0.4286
660,1038.92,0.4286
661,1038.92,0.4286
662,951.66,0.4286
663,784.46,0.4286
664,551.38,0.4286
665,271.99,0.4286
666,0.0,0.0
667,0.0,0.0
668,0.0,0.0
669,0.0,0.0
670,0.0,0.0
671,0.0,0.0
672,0.0,0.0
673,0.0,0.0
674,0.0,0.0
675,0.0,0.0
676,0.0,0.0
677,0.0,0.0
678,0.0,0.0
679,0.0,0.0
680,260.22,0.4286
681,525.07,0.4286
682,745.94,0.4286
683,904.34,0.4286
684,987.0,0.4286
685,987.0,0.4286
686,904.34,0.4286
687,745.94,0.4286
688,525.07,0.4286
689,260.22,0.4286
690,0.0,0.0
691,0.0,0.0
692,0.0,0.0
693,0.0,0.0
694,0.0,0.0
695,0.0,0.0
696,0.0,0.0
697,0.0,0.0
698,0.0,0.0
699,0.0,0.0
700,0.0,0.0
701,0.0,0.0
702,0.0,0.0
703,0.0,0.0
704,275.88,0.4286
705,554.04,0.4286
706,785.95,0.4286
707,952.22,0.4286
708,1038.98,0.4286
709,1038.98,0.4286
710,952.22,0.4286
711,785.95,0.4286
712,554.04,0.4286
713,275.88,0.4286
714,0.0,0.0
715,0.0,0.0
716,0.0,0.0
717,0.0,0.0
718,0.0,0.0
719,0.0,0.0
720,0.0,0.0
721,0.0,0.0
722,0.0,0.0
723,0.0,0.0
724,0.0,0.0
725,0.0,0.0
726,0.0,0.0
727,0.0,0.0
728,277.87,0.4286
729,555.41,0.4286
730,786.71,0.4286
731,952.51,0.4286
732,1039.02,0.4286
733,1039.02,0.4286
734,952.51,0.4286
735,786.71,0.4286
736,555.41,0.4286
737,277.87,0.4286
738,0.0,0.0
739,0.0,0.0
740,0.0,0.0
741,0.0,0.0
742,0.0,0.0
743,0.0,0.0
744,0.0,0.0
745,0.0,0.0
746,0.0,0.0
747,0.0,0.0
748,0.0,0.0
749,0.0,0.0
750,0.0,0.0
751,0.0,0.0
752,279.91,0.4286
753,556.8,0.4286
754,787.49,0.4286
755,952.81,0.4286
756,1039.05,0.4286
757,1039.05,0.4286
758,952.81,0.4286
759,787.49,0.4286
760,556.8,0.4286
761,279.91,0.4286
762,0.0,0.0
763,0.0,0.0
764,0.0,0.0
765,0.0,0.0
766,0.0,0.0
767,0.0,0.0
768,0.0,0.0
769,0.0,0.0
770,0.0,0.0
771,0.0,0.0
772,0.0,0.0
773,0.0,0.0
774,0.0,0.0
775,0.0,0.0
776,281.97,0.4286
777,558.22,0.4286
778,788.27,0.4286
779,953.11,0.4286
780,1039.08,0.4286
781,1039.08,0.4286
782,953.11,0.4286
783,788.27,0.4286
784,558.22,0.4286
785,281.97,0.4286
786,0.0,0.0
787,0.0,0.0
788,0.0,0.0
789,0.0,0.0
790,0.0,0.0
791,0.0,0.0
792,0.0,0.0
793,0.0,0.0
794,0.0,0.0
795,0.0,0.0
796,0.0,0.0
797,0.0,0.0
798,0.0,0.0
799,0.0,0.0
800,284.07,0.4286
801,559.65,0.4286
802,789.07,0.4286
803,953.41,0.4286
804,1039.12,0.4286
805,1039.12,0.4286
806,953.41,0.4286
807,789.07,0.4286
808,559.65,0.4286
809,284.07,0.4286
810,0.0,0.0
811,0.0,0.0
812,0.0,0.0
813,0.0,0.0
814,0.0,0.0
815,0.0,0.0
816,0.0,0.0
817,0.0,0.0
818,0.0,0.0
819,0.0,0.0
820,0.0,0.0
821,0.0,0.0
822,0.0,0.0
823,0.0,0.0
824,286.2,0.4286
825,561.11,0.4286
826,789.88,0.4286
827,953.72,0.4286
828,1039.15,0.4286
829,1039.15,0.4286
830,953.72,0.4286
831,789.88,0.4286
832,561.11,0.4286
833,286.2,0.4286
834,0.0,0.0
835,0.0,0.0
836,0.0,0.0
837,0.0,0.0
838,0.0,0.0
839,0.0,0.0
840,0.0,0.0
841,0.0,0.0
842,0.0,0.0
843,0.0,0.0
844,0.0,0.0
845,0.0,0.0
846,0.0,0.0
847,0.0,0.0
848,273.94,0.4286
849,534.45,0.4286
850,751.17,0.4286
851,906.33,0.4286
852,987.23,0.4286
853,987.23,0.4286
854,906.33,0.4286
855,751.17,0.4286
856,534.45,0.4286
857,273.94,0.4286
858,0.0,0.0
859,0.0,0.0
860,0.0,0.0
861,0.0,0.0
862,0.0,0.0
863,0.0,0.0
864,0.0,0.0
865,0.0,0.0
866,0.0,0.0
867,0.0,0.0
868,0.0,0.0
869,0.0,0.0
870,0.0,0.0
871,0.0,0.0
872,290.55,0.4286
873,564.08,0.4286
874,791.54,0.4286
875,954.35,0.4286
876,1039.23,0.4286
877,1039.23,0.4286
878,954.35,0.4286
879,791.54,0.4286
880,564.08,0.4286
881,290.55,0.4286
882,0.0,0.0
883,0.0,0.0
884,0.0,0.0
885,0.0,0.0
886,0.0,0.0
887,0.0,0.0
888,0.0,0.0
889,0.0,0.0
890,0.0,0.0
891,0.0,0.0
892,0.0,0.0
893,0.0,0.0
894,0.0,0.0
895,0.0,0.0
896,292.76,0.4286
897,565.59,0.4286
898,792.38,0.4286
899,954.67,0.4286
900,1039.26,0.4286
901,1039.26,0.4286
902,954.67,0.4286
903,792.38,0.4286
904,565.59,0.4286
905,292.76,0.4286
906,0.0,0.0
907,0.0,0.0
908,0.0,0.0
909,0.0,0.0
910,0.0,0.0
911,0.0,0.0
912,0.0,0.0
913,0.0,0.0
914,0.0,0.0
915,0.0,0.0
916,0.0,0.0
917,0.0,0.0
918,0.0,0.0
919,0.0,0.0
920,295.01,0.4286
921,567.12,0.4286
922,793.23,0.4286
923,955.0,0.4286
924,1039.3,0.4286
925,1039.3,0.4286
926,955.0,0.4286
927,793.23,0.4286
928,567.12,0.4286
929,295.01,0.4286
930,0.0,0.0
931,0.0,0.0
932,0.0,0.0
933,0.0,0.0
934,0.0,0.0
935,0.0,0.0
936,0.0,0.0
937,0.0,0.0
938,0.0,0.0
939,0.0,0.0
940,0.0,0.0
941,0.0,0.0
942,0.0,0.0
943,1.86,0.0707
944,297.28,0.4286
945,568.67,0.4286
946,794.09,0.4286
947,955.32,0.4286
948,1039.34,0.4286
949,1039.34,0.4286
950,955.32,0.4286
951,794.09,0.4286
952,568.67,0.4286
953,297.28,0.4286
954,1.86,0.0707
955,0.0,0.0
956,0.0,0.0
957,0.0,0.0
958,0.0,0.0
959,0.0,0.0
960,0.0,0.0
961,0.0,0.0
962,0.0,0.0
963,0.0,0.0
964,0.0,0.0
965,0.0,0.0
966,0.0,0.0
967,4.78,0.1821
968,299.57,0.4286
969,570.23,0.4286
970,794.96,0.4286
971,955.65,0.4286
972,1039.37,0.4286
973,1039.37,0.4286
974,955.65,0.4286
975,794.96,0.4286
976,570.23,0.4286
977,299.57,0.4286
978,4.78,0.1821
979,0.0,0.0
980,0.0,0.0
981,0.0,0.0
982,0.0,0.0
983,0.0,0.0
984,0.0,0.0
985,0.0,0.0
986,0.0,0.0
987,0.0,0.0
988,0.0,0.0
989,0.0,0.0
990,0.0,0.0
991,7.74,0.2947
992,301.89,0.4286
993,571.81,0.4286
994,795.84,0.4286
995,955.99,0.4286
996,1039.41,0.4286
997,1039.41,0.4286
998,955.99,0.4286
999,795.84,0.4286
1000,571.81,0.4286
1001,301.89,0.4286
1002,7.74,0.2947
1003,0.0,0.0
1004,0.0,0.0
1005,0.0,0.0
1006,0.0,0.0
1007,0.0,0.0
1008,0.0,0.0
1009,0.0,0.0
1010,0.0,0.0
1011,0.0,0.0
1012,0.0,0.0
1013,0.0,0.0
1014,0.0,0.0
1015,10.19,0.3881
1016,289.02,0.4286
1017,544.73,0.4286
1018,756.88,0.4286
1019,908.51,0.4286
1020,987.48,0.4286
1021,987.48,0.4286
1022,908.51,0.4286
1023,756.88,0.4286
1024,544.73,0.4286
1025,289.02,0.4286
1026,10.19,0.3881
1027,0.0,0.0
1028,0.0,0.0
1029,0.0,0.0
1030,0.0,0.0
1031,0.0,0.0
1032,0.0,0.0
1033,0.0,0.0
1034,0.0,0.0
1035,0.0,0.0
1036,0.0,0.0
1037,0.0,0.0
1038,0.0,0.0
1039,13.74,0.4286
1040,306.59,0.4286
1041,575.01,0.4286
1042,797.61,0.4286
1043,956.66,0.4286
1044,1039.49,0.4286
1045,1039.49,0.4286
1046,956.66,0.4286
1047,797.61,0.4286
1048,575.01,0.4286
1049,306.59,0.4286
1050,13.74,0.4286
1051,0.0,0.0
1052,0.0,0.0
1053,0.0,0.0
1054,0.0,0.0
1055,0.0,0.0
1056,0.0,0.0
1057,0.0,0.0
1058,0.0,0.0
1059,0.0,0.0
1060,0.0,0.0
1061,0.0,0.0
1062,0.0,0.0
1063,16.79,0.4286
1064,308.97,0.4286
1065,576.63,0.4286
1066,798.51,0.4286
1067,957.01,0.4286
1068,1039.53,0.4286
1069,1039.53,0.4286
1070,957.01,0.4286
1071,798.51,0.4286
1072,576.63,0.4286
1073,308.97,0.4286
1074,16.79,0.4286
1075,0.0,0.0
1076,0.0,0.0
1077,0.0,0.0
1078,0.0,0.0
1079,0.0,0.0
1080,0.0,0.0
1081,0.0,0.0
1082,0.0,0.0
1083,0.0,0.0
1084,0.0,0.0
1085,0.0,0.0
1086,0.0,0.0
1087,19.86,0.4286
1088,311.37,0.4286
1089,578.26,0.4286
1090,799.42,0.4286
1091,957.35,0.4286
1092,1039.57,0.4286
1093,1039.57,0.4286
1094,957.35,0.4286
1095,799.42,0.4286
1096,578.26,0.4286
1097,311.37,0.4286
1098,19.86,0.4286
1099,0.0,0.0
1100,0.0,0.0
1101,0.0,0.0
1102,0.0,0.0
1103,0.0,0.0
1104,0.0,0.0
1105,0.0,0.0
1106,0.0,0.0
1107,0.0,0.0
1108,0.0,0.0
1109,0.0,0.0
1110,0.0,0.0
1111,22.96,0.4286
1112,313.79,0.4286
1113,579.91,0.4286
1114,800.33,0.4286
1115,957.7,0.4286
1116,1039.61,0.4286
1117,1039.61,0.4286
1118,957.7,0.4286
1119,800.33,0.4286
1120,579.91,0.4286
1121,313.79,0.4286
1122,22.96,0.4286
1123,0.0,0.0
1124,0.0,0.0
1125,0.0,0.0
1126,0.0,0.0
1127,0.0,0.0
1128,0.0,0.0
1129,0.0,0.0
1130,0.0,0.0
1131,0.0,0.0
1132,0.0,0.0
1133,0.0,0.0
1134,0.0,0.0
1135,26.08,0.4286
1136,316.23,0.4286
1137,581.56,0.4286
1138,801.25,0.4286
1139,958.05,0.4286
1140,1039.65,0.4286
1141,1039.65,0.4286
1142,958.05,0.4286
1143,801.25,0.4286
1144,581.56,0.4286
1145,316.23,0.4286
1146,26.08,0.4286
1147,0.0,0.0
1148,0.0,0.0
1149,0.0,0.0
1150,0.0,0.0
1151,0.0,0.0
1152,0.0,0.0
1153,0.0,0.0
1154,0.0,0.0
1155,0.0,0.0
1156,0.0,0.0
1157,0.0,0.0
1158,0.0,0.0
1159,29.22,0.4286
1160,318.68,0.4286
1161,583.23,0.4286
1162,802.17,0.4286
1163,958.4,0.4286
1164,1039.69,0.4286
1165,1039.69,0.4286
1166,958.4,0.4286
1167,802.17,0.4286
1168,583.23,0.4286
1169,318.68,0.4286
1170,29.22,0.4286
1171,0.0,0.0
1172,0.0,0.0
1173,0.0,0.0
1174,0.0,0.0
1175,0.0,0.0
1176,0.0,0.0
1177,0.0,0.0
1178,0.0,0.0
1179,0.0,0.0
1180,0.0,0.0
1181,0.0,0.0
1182,0.0,0.0
1183,30.77,0.4286
1184,305.1,0.4286
1185,555.66,0.4286
1186,762.95,0.4286
1187,910.81,0.4286
1188,987.74,0.4286
1189,987.74,0.4286
1190,910.81,0.4286
1191,762.95,0.4286
1192,555.66,0.4286
1193,305.1,0.4286
1194,30.77,0.4286
1195,0.0,0.0
1196,0.0,0.0
1197,0.0,0.0
1198,0.0,0.0
1199,0.0,0.0
1200,0.0,0.0
1201,0.0,0.0
1202,0.0,0.0
1203,0.0,0.0
1204,0.0,0.0
1205,0.0,0.0
1206,0.0,0.0
1207,35.58,0.4286
1208,323.64,0.4286
1209,586.59,0.4286
1210,804.03,0.4286
1211,959.1,0.4286
1212,1039.77,0.4286
1213,1039.77,0.4286
1214,959.1,0.4286
1215,804.03,0.4286
1216,586.59,0.4286
1217,323.64,0.4286
1218,35.58,0.4286
1219,0.0,0.0
1220,0.0,0.0
1221,0.0,0.0
1222,0.0,0.0
1223,0.0,0.0
1224,0.0,0.0
1225,0.0,0.0
1226,0.0,0.0
1227,0.0,0.0
1228,0.0,0.0
1229,0.0,0.0
1230,0.0,0.0
1231,38.78,0.4286
1232,326.13,0.4286
1233,588.28,0.4286
1234,804.97,0.4286
1235,959.46,0.4286
1236,1039.81,0.4286
1237,1039.81,0.4286
1238,959.46,0.4286
1239,804.97,0.4286
1240,588.28,0.4286
1241,326.13,0.4286
1242,38.78,0.4286
1243,0.0,0.0
1244,0.0,0.0
1245,0.0,0.0
1246,0.0,0.0
1247,0.0,0.0
1248,0.0,0.0
1249,0.0,0.0
1250,0.0,0.0
1251,0.0,0.0
1252,0.0,0.0
1253,0.0,0.0
1254,0.0,0.0
1255,42.01,0.4286
1256,328.64,0.4286
1257,589.98,0.4286
1258,805.91,0.4286
1259,959.82,0.4286
1260,1039.85,0.4286
1261,1039.85,0.4286
1262,959.82,0.4286
1263,805.91,0.4286
1264,589.98,0.4286
1265,328.64,0.4286
1266,42.01,0.4286
1267,0.0,0.0
1268,0.0,0.0
1269,0.0,0.0
1270,0.0,0.0
1271,0.0,0.0
1272,0.0,0.0
1273,0.0,0.0
1274,0.0,0.0
1275,0.0,0.0
1276,0.0,0.0
1277,0.0,0.0
1278,0.0,0.0
1279,45.25,0.4286
1280,331.16,0.4286
1281,591.69,0.4286
1282,806.86,0.4286
1283,960.18,0.4286
1284,1039.89,0.4286
1285,1039.89,0.4286
1286,960.18,0.4286
1287,806.86,0.4286
1288,591.69,0.4286
1289,331.16,0.4286
1290,45.25,0.4286
1291,0.0,0.0
1292,0.0,0.0
1293,0.0,0.0
1294,0.0,0.0
1295,0.0,0.0
1296,0.0,0.0
1297,0.0,0.0
1298,0.0,0.0
1299,0.0,0.0
1300,0.0,0.0
1301,0.0,0.0
1302,0.0,0.0
1303,48.51,0.4286
1304,333.69,0.4286
1305,593.4,0.4286
1306,807.8,0.4286
1307,960.54,0.4286
1308,1039.93,0.4286
1309,1039.93,0.4286
1310,960.54,0.4286
1311,807.8,0.4286
1312,593.4,0.4286
1313,333.69,0.4286
1314,48.51,0.4286
1315,0.0,0.0
1316,0.0,0.0
1317,0.0,0.0
1318,0.0,0.0
1319,0.0,0.0
1320,0.0,0.0
1321,0.0,0.0
1322,0.0,0.0
1323,0.0,0.0
1324,0.0,0.0
1325,0.0,0.0
1326,0.0,0.0
1327,51.78,0.4286
1328,336.23,0.4286
1329,595.12,0.4286
1330,808.75,0.4286
1331,960.9,0.4286
1332,1039.97,0.4286
1333,1039.97,0.4286
1334,960.9,0.4286
1335,808.75,0.4286
1336,595.12,0.4286
1337,336.23,0.4286
1338,51.78,0.4286
1339,0.0,0.0
1340,0.0,0.0
1341,0.0,0.0
1342,0.0,0.0
1343,0.0,0.0
1344,0.0,0.0
1345,0.0,0.0
1346,0.0,0.0
1347,0.0,0.0
1348,0.0,0.0
1349,0.0,0.0
1350,0.0,0.0
1351,52.31,0.4286
1352,321.84,0.4286
1353,567.0,0.4286
1354,769.22,0.4286
1355,913.19,0.4286
1356,988.01,0.4286
1357,988.01,0.4286
1358,913.19,0.4286
1359,769.22,0.4286
1360,567.0,0.4286
1361,321.84,0.4286
1362,52.31,0.4286
1363,0.0,0.0
1364,0.0,0.0
1365,0.0,0.0
1366,0.0,0.0
1367,0.0,0.0
1368,0.0,0.0
1369,0.0,0.0
1370,0.0,0.0
1371,0.0,0.0
1372,0.0,0.0
1373,0.0,0.0
1374,0.0,0.0
1375,58.36,0.4286
1376,341.33,0.4286
1377,598.57,0.4286
1378,810.66,0.4286
1379,961.62,0.4286
1380,1040.05,0.4286
1381,1040.05,0.4286
1382,961.62,0.4286
1383,810.66,0.4286
1384,598.57,0.4286
1385,341.33,0.4286
1386,58.36,0.4286
1387,0.0,0.0
1388,0.0,0.0
1389,0.0,0.0
1390,0.0,0.0
1391,0.0,0.0
1392,0.0,0.0
1393,0.0,0.0
1394,0.0,0.0
1395,0.0,0.0
1396,0.0,0.0
1397,0.0,0.0
1398,0.0,0.0
1399,61.66,0.4286
1400,343.89,0.4286
1401,600.3,0.4286
1402,811.62,0.4286
1403,961.98,0.4286
1404,1040.1,0.4286
1405,1040.1,0.4286
1406,961.98,0.4286
1407,811.62,0.4286
1408,600.3,0.4286
1409,343.89,0.4286
1410,61.66,0.4286
1411,0.0,0.0
1412,0.0,0.0
1413,0.0,0.0
1414,0.0,0.0
1415,0.0,0.0
1416,0.0,0.0
1417,0.0,0.0
1418,0.0,0.0
1419,0.0,0.0
1420,0.0,0.0
1421,0.0,0.0
1422,0.0,0.0
1423,64.98,0.4286
1424,346.46,0.4286
1425,602.03,0.4286
1426,812.57,0.4286
1427,962.34,0.4286
1428,1040.14,0.4286
1429,1040.14,0.4286
1430,962.34,0.4286
1431,812.57,0.4286
1432,602.03,0.4286
1433,346.46,0.4286
1434,64.98,0.4286
1435,0.0,0.0
1436,0.0,0.0
1437,0.0,0.0
1438,0.0,0.0
1439,0.0,0.0
1440,0.0,0.0
1441,0.0,0.0
1442,0.0,0.0
1443,0.0,0.0
1444,0.0,0.0
1445,0.0,0.0
1446,0.0,0.0
1447,68.3,0.4286
1448,349.03,0.4286
1449,603.76,0.4286
1450,813.53,0.4286
1451,962.71,0.4286
1452,1040.18,0.4286
1453,1040.18,0.4286
1454,962.71,0.4286
1455,813.53,0.4286
1456,603.76,0.4286
1457,349.03,0.4286
1458,68.3,0.4286
1459,0.0,0.0
1460,0.0,0.0
1461,0.0,0.0
1462,0.0,0.0
1463,0.0,0.0
1464,0.0,0.0
1465,0.0,0.0
1466,0.0,0.0
1467,0.0,0.0
1468,0.0,0.0
1469,0.0,0.0
1470,0.0,0.0
1471,71.63,0.4286
1472,351.6,0.4286
1473,605.5,0.4286
1474,814.49,0.4286
1475,963.07,0.4286
1476,1040.22,0.4286
1477,1040.22,0.4286
1478,963.07,0.4286
1479,814.49,0.4286
1480,605.5,0.4286
1481,351.6,0.4286
1482,71.63,0.4286
1483,0.0,0.0
1484,0.0,0.0
1485,0.0,0.0
1486,0.0,0.0
1487,0.0,0.0
1488,0.0,0.0
1489,0.0,0.0
1490,0.0,0.0
1491,0.0,0.0
1492,0.0,0.0
1493,0.0,0.0
1494,0.0,0.0
1495,74.96,0.4286
1496,354.18,0.4286
1497,607.24,0.4286
1498,815.45,0.4286
1499,963.43,0.4286
1500,1040.26,0.4286
1501,1040.26,0.4286
1502,963.43,0.4286
1503,815.45,0.4286
1504,607.24,0.4286
1505,354.18,0.4286
1506,74.96,0.4286
1507,0.0,0.0
1508,0.0,0.0
1509,0.0,0.0
1510,0.0,0.0
1511,0.0,0.0
1512,0.0,0.0
1513,0.0,0.0
1514,0.0,0.0
1515,0.0,0.0
1516,0.0,0.0
1517,0.0,0.0
1518,0.0,0.0
1519,74.38,0.4286
1520,338.92,0.4286
1521,578.52,0.4286
1522,775.58,0.4286
1523,915.6,0.4286
1524,988.29,0.4286
1525,988.29,0.4286
1526,915.6,0.4286
1527,775.58,0.4286
1528,578.52,0.4286
1529,338.92,0.4286
1530,74.38,0.4286
1531,0.0,0.0
1532,0.0,0.0
1533,0.0,0.0
1534,0.0,0.0
1535,0.0,0.0
1536,0.0,0.0
1537,0.0,0.0
1538,0.0,0.0
1539,0.0,0.0
1540,0.0,0.0
1541,0.0,0.0
1542,0.0,0.0
1543,81.64,0.4286
1544,359.33,0.4286
1545,610.71,0.4286
1546,817.36,0.4286
1547,964.16,0.4286
1548,1040.34,0.4286
1549,1040.34,0.4286
1550,964.16,0.4286
1551,817.36,0.4286
1552,610.71,0.4286
1553,359.33,0.4286
1554,81.64,0.4286
1555,0.0,0.0
1556,0.0,0.0
1557,0.0,0.0
1558,0.0,0.0
1559,0.0,0.0
1560,0.0,0.0
1561,0.0,0.0
1562,0.0,0.0
1563,0.0,0.0
1564,0.0,0.0
1565,0.0,0.0
1566,0.0,0.0
1567,84.99,0.4286
1568,361.91,0.4286
1569,612.44,0.4286
1570,818.32,0.4286
1571,964.52,0.4286
1572,1040.39,0.4286
1573,1040.39,0.4286
1574,964.52,0.4286
1575,818.32,0.4286
1576,612.44,0.4286
1577,361.91,0.4286
1578,84.99,0.4286
1579,0.0,0.0
1580,0.0,0.0
1581,0.0,0.0
1582,0.0,0.0
1583,0.0,0.0
1584,0.0,0.0
1585,0.0,0.0
1586,0.0,0.0
1587,0.0,0.0
1588,0.0,0.0
1589,0.0,0.0
1590,0.0,0.0
1591,88.33,0.4286
1592,364.49,0.4286
1593,614.18,0.4286
1594,819.27,0.4286
1595,964.88,0.4286
1596,1040.43,0.4286
1597,1040.43,0.4286
1598,964.88,0.4286
1599,819.27,0.4286
1600,614.18,0.4286
1601,364.49,0.4286
1602,88.33,0.4286
1603,0.0,0.0
1604,0.0,0.0
1605,0.0,0.0
1606,0.0,0.0
1607,0.0,0.0
1608,0.0,0.0
1609,0.0,0.0
1610,0.0,0.0
1611,0.0,0.0
1612,0.0,0.0
1613,0.0,0.0
1614,0.0,0.0
1615,91.67,0.4286
1616,367.06,0.4286
1617,615.91,0.4286
1618,820.23,0.4286
1619,965.24,0.4286
1620,1040.47,0.4286
1621,1040.47,0.4286
1622,965.24,0.4286
1623,820.23,0.4286
1624,615.91,0.4286
1625,367.06,0.4286
1626,91.67,0.4286
1627,0.0,0.0
1628,0.0,0.0
1629,0.0,0.0
1630,0.0,0.0
1631,0.0,0.0
1632,0.0,0.0
1633,0.0,0.0
1634,0.0,0.0
1635,0.0,0.0
1636,0.0,0.0
1637,0.0,0.0
1638,0.0,0.0
1639,95.02,0.4286
1640,369.63,0.4286
1641,617.64,0.4286
1642,821.18,0.4286
1643,965.6,0.4286
1644,1040.51,0.4286
1645,1040.51,0.4286
1646,965.6,0.4286
1647,821.18,0.4286
1648,617.64,0.4286
1649,369.63,0.4286
1650,95.02,0.4286
1651,0.0,0.0
1652,0.0,0.0
1653,0.0,0.0
1654,0.0,0.0
1655,0.0,0.0
1656,0.0,0.0
1657,0.0,0.0
1658,0.0,0.0
1659,0.0,0.0
1660,0.0,0.0
1661,0.0,0.0
1662,0.0,0.0
1663,98.36,0.4286
1664,372.2,0.4286
1665,619.36,0.4286
1666,822.13,0.4286
1667,965.96,0.4286
1668,1040.55,0.4286
1669,1040.55,0.4286
1670,965.96,0.4286
1671,822.13,0.4286
1672,619.36,0.4286
1673,372.2,0.4286
1674,98.36,0.4286
1675,0.0,0.0
1676,0.0,0.0
1677,0.0,0.0
1678,0.0,0.0
1679,0.0,0.0
1680,0.0,0.0
1681,0.0,0.0
1682,0.0,0.0
1683,0.0,0.0
1684,0.0,0.0
1685,0.0,0.0
1686,0.0,0.0
1687,96.61,0.4286
1688,356.02,0.4286
1689,590.03,0.4286
1690,781.92,0.4286
1691,918.0,0.4286
1692,988.56,0.4286
1693,988.56,0.4286
1694,918.0,0.4286
1695,781.92,0.4286
1696,590.03,0.4286
1697,356.02,0.4286
1698,96.61,0.4286
1699,0.0,0.0
1700,0.0,0.0
1701,0.0,0.0
1702,0.0,0.0
1703,0.0,0.0
1704,0.0,0.0
1705,0.0,0.0
1706,0.0,0.0
1707,0.0,0.0
1708,0.0,0.0
1709,0.0,0.0
1710,0.0,0.0
1711,105.02,0.4286
1712,377.32,0.4286
1713,622.8,0.4286
1714,824.02,0.4286
1715,966.67,0.4286
1716,1040.63,0.4286
1717,1040.63,0.4286
1718,966.67,0.4286
1719,824.02,0.4286
1720,622.8,0.4286
1721,377.32,0.4286
1722,105.02,0.4286
1723,0.0,0.0
1724,0.0,0.0
1725,0.0,0.0
1726,0.0,0.0
1727,0.0,0.0
1728,0.0,0.0
1729,0.0,0.0
1730,0.0,0.0
1731,0.0,0.0
1732,0.0,0.0
1733,0.0,0.0
1734,0.0,0.0
1735,108.35,0.4286
1736,379.87,0.4286
1737,624.51,0.4286
1738,824.96,0.4286
1739,967.03,0.4286
1740,1040.67,0.4286
1741,1040.67,0.4286
1742,967.03,0.4286
1743,824.96,0.4286
1744,624.51,0.4286
1745,379.87,0.4286
1746,108.35,0.4286
1747,0.0,0.0
1748,0.0,0.0
1749,0.0,0.0
1750,0.0,0.0
1751,0.0,0.0
1752,0.0,0.0
1753,0.0,0.0
1754,0.0,0.0
1755,0.0,0.0
1756,0.0,0.0
1757,0.0,0.0
1758,0.0,0.0
1759,111.67,0.4286
1760,382.42,0.4286
1761,626.22,0.4286
1762,825.9,0.4286
1763,967.38,0.4286
1764,1040.71,0.4286
1765,1040.71,0.4286
1766,967.38,0.4286
1767,825.9,0.4286
1768,626.22,0.4286
1769,382.42,0.4286
1770,111.67,0.4286
1771,0.0,0.0
1772,0.0,0.0
1773,0.0,0.0
1774,0.0,0.0
1775,0.0,0.0
1776,0.0,0.0
1777,0.0,0.0
1778,0.0,0.0
1779,0.0,0.0
1780,0.0,0.0
1781,0.0,0.0
1782,0.0,0.0
1783,114.98,0.4286
1784,384.95,0.4286
1785,627.92,0.4286
1786,826.83,0.4286
1787,967.74,0.4286
1788,1040.75,0.4286
1789,1040.75,0.4286
1790,967.74,0.4286
1791,826.83,0.4286
1792,627.92,0.4286
1793,384.95,0.4286
1794,114.98,0.4286
1795,0.0,0.0
1796,0.0,0.0
1797,0.0,0.0
1798,0.0,0.0
1799,0.0,0.0
1800,0.0,0.0
1801,0.0,0.0
1802,0.0,0.0
1803,0.0,0.0
1804,0.0,0.0
1805,0.0,0.0
1806,0.0,0.0
1807,118.28,0.4286
1808,387.48,0.4286
1809,629.61,0.4286
1810,827.76,0.4286
1811,968.09,0.4286
1812,1040.79,0.4286
1813,1040.79,0.4286
1814,968.09,0.4286
1815,827.76,0.4286
1816,629.61,0.4286
1817,387.48,0.4286
1818,118.28,0.4286
1819,0.0,0.0
1820,0.0,0.0
1821,0.0,0.0
1822,0.0,0.0
1823,0.0,0.0
1824,0.0,0.0
1825,0.0,0.0
1826,0.0,0.0
1827,0.0,0.0
1828,0.0,0.0
1829,0.0,0.0
1830,0.0,0.0
1831,121.58,0.4286
1832,390.0,0.4286
1833,631.3,0.4286
1834,828.69,0.4286
1835,968.44,0.4286
1836,1040.83,0.4286
1837,1040.83,0.4286
1838,968.44,0.4286
1839,828.69,0.4286
1840,631.3,0.4286
1841,390.0,0.4286
1842,121.58,0.4286
1843,0.0,0.0
1844,0.0,0.0
1845,0.0,0.0
1846,0.0,0.0
1847,0.0,0.0
1848,0.0,0.0
1849,0.0,0.0
1850,0.0,0.0
1851,0.0,0.0
1852,0.0,0.0
1853,0.0,0.0
1854,0.0,0.0
1855,118.62,0.4286
1856,372.88,0.4286
1857,601.33,0.4286
1858,788.13,0.4286
1859,920.35,0.4286
1860,988.83,0.4286
1861,988.83,0.4286
1862,920.35,0.4286
1863,788.13,0.4286
1864,601.33,0.4286
1865,372.88,0.4286
1866,118.62,0.4286
1867,0.0,0.0
1868,0.0,0.0
1869,0.0,0.0
1870,0.0,0.0
1871,0.0,0.0
1872,0.0,0.0
1873,0.0,0.0
1874,0.0,0.0
1875,0.0,0.0
1876,0.0,0.0
1877,0.0,0.0
1878,0.0,0.0
1879,128.13,0.4286
1880,395.01,0.4286
1881,634.65,0.4286
1882,830.53,0.4286
1883,969.13,0.4286
1884,1040.91,0.4286
1885,1040.91,0.4286
1886,969.13,0.4286
1887,830.53,0.4286
1888,634.65,0.4286
1889,395.01,0.4286
1890,128.13,0.4286
1891,0.0,0.0
1892,0.0,0.0
1893,0.0,0.0
1894,0.0,0.0
1895,0.0,0.0
1896,0.0,0.0
1897,0.0,0.0
1898,0.0,0.0
1899,0.0,0.0
1900,0.0,0.0
1901,0.0,0.0
1902,0.0,0.0
1903,131.39,0.4286
1904,397.49,0.4286
1905,636.31,0.4286
1906,831.44,0.4286
1907,969.48,0.4286
1908,1040.95,0.4286
1909,1040.95,0.4286
1910,969.48,0.4286
1911,831.44,0.4286
1912,636.31,0.4286
1913,397.49,0.4286
1914,131.39,0.4286
1915,0.0,0.0
1916,0.0,0.0
1917,0.0,0.0
1918,0.0,0.0
1919,0.0,0.0
1920,0.0,0.0
1921,0.0,0.0
1922,0.0,0.0
1923,0.0,0.0
1924,0.0,0.0
1925,0.0,0.0
1926,0.0,0.0
1927,134.63,0.4286
1928,399.97,0.4286
1929,637.97,0.4286
1930,832.34,0.4286
1931,969.82,0.4286
1932,1040.99,0.4286
1933,1040.99,0.4286
1934,969.82,0.4286
1935,832.34,0.4286
1936,637.97,0.4286
1937,399.97,0.4286
1938,134.63,0.4286
1939,0.0,0.0
1940,0.0,0.0
1941,0.0,0.0
1942,0.0,0.0
1943,0.0,0.0
1944,0.0,0.0
1945,0.0,0.0
1946,0.0,0.0
1947,0.0,0.0
1948,0.0,0.0
1949,0.0,0.0
1950,0.0,0.0
1951,137.86,0.4286
1952,402.43,0.4286
1953,639.61,0.4286
1954,833.25,0.4286
1955,970.16,0.4286
1956,1041.03,0.4286
1957,1041.03,0.4286
1958,970.16,0.4286
1959,833.25,0.4286
1960,639.61,0.4286
1961,402.43,0.4286
1962,137.86,0.4286
1963,0.0,0.0
1964,0.0,0.0
1965,0.0,0.0
1966,0.0,0.0
1967,0.0,0.0
1968,0.0,0.0
1969,0.0,0.0
1970,0.0,0.0
1971,0.0,0.0
1972,0.0,0.0
1973,0.0,0.0
1974,0.0,0.0
1975,141.07,0.4286
1976,404.88,0.4286
1977,641.24,0.4286
1978,834.14,0.4286
1979,970.5,0.4286
1980,1041.07,0.4286
1981,1041.07,0.4286
1982,970.5,0.4286
1983,834.14,0.4286
1984,641.24,0.4286
1985,404.88,0.4286
1986,141.07,0.4286
1987,0.0,0.0
1988,0.0,0.0
1989,0.0,0.0
1990,0.0,0.0
1991,0.0,0.0
1992,0.0,0.0
1993,0.0,0.0
1994,0.0,0.0
1995,0.0,0.0
1996,0.0,0.0
1997,0.0,0.0
1998,0.0,0.0
1999,144.27,0.4286
2000,407.32,0.4286
2001,642.87,0.4286
2002,835.03,0.4286
2003,970.83,0.4286
2004,1041.1,0.4286
2005,1041.1,0.4286
2006,970.83,0.4286
2007,835.03,0.4286
2008,642.87,0.4286
2009,407.32,0.4286
2010,144.27,0.4286
2011,0.0,0.0
2012,0.0,0.0
2013,0.0,0.0
2014,0.0,0.0
2015,0.0,0.0
2016,0.0,0.0
2017,0.0,0.0
2018,0.0,0.0
2019,0.0,0.0
2020,0.0,0.0
2021,0.0,0.0
2022,0.0,0.0
2023,140.08,0.4286
2024,389.25,0.4286
2025,612.26,0.4286
2026,794.12,0.4286
2027,922.61,0.4286
2028,989.08,0.4286
2029,989.08,0.4286
2030,922.61,0.4286
2031,794.12,0.4286
2032,612.26,0.4286
2033,389.25,0.4286
2034,140.08,0.4286
2035,0.0,0.0
2036,0.0,0.0
2037,0.0,0.0
2038,0.0,0.0
2039,0.0,0.0
2040,0.0,0.0
2041,0.0,0.0
2042,0.0,0.0
2043,0.0,0.0
2044,0.0,0.0
2045,0.0,0.0
2046,0.0,0.0
2047,150.61,0.4286
2048,412.14,0.4286
2049,646.09,0.4286
2050,836.79,0.4286
2051,971.5,0.4286
2052,1041.18,0.4286
2053,1041.18,0.4286
2054,971.5,0.4286
2055,836.79,0.4286
2056,646.09,0.4286
2057,412.14,0.4286
2058,150.61,0.4286
2059,0.0,0.0
2060,0.0,0.0
2061,0.0,0.0
2062,0.0,0.0
2063,0.0,0.0
2064,0.0,0.0
2065,0.0,0.0
2066,0.0,0.0
2067,0.0,0.0
2068,0.0,0.0
2069,0.0,0.0
2070,0.0,0.0
2071,153.76,0.4286
2072,414.53,0.4286
2073,647.68,0.4286
2074,837.67,0.4286
2075,971.82,0.4286
2076,1041.22,0.4286
2077,1041.22,0.4286
2078,971.82,0.4286
2079,837.67,0.4286
2080,647.68,0.4286
2081,414.53,0.4286
2082,153.76,0.4286
2083,0.0,0.0
2084,0.0,0.0
2085,0.0,0.0
2086,0.0,0.0
2087,0.0,0.0
2088,0.0,0.0
2089,0.0,0.0
2090,0.0,0.0
2091,0.0,0.0
2092,0.0,0.0
2093,0.0,0.0
2094,0.0,0.0
2095,156.88,0.4286
2096,416.9,0.4286
2097,649.26,0.4286
2098,838.53,0.4286
2099,972.15,0.4286
2100,1041.25,0.4286
2101,1041.25,0.4286
2102,972.15,0.4286
2103,838.53,0.4286
2104,649.26,0.4286
2105,416.9,0.4286
2106,156.88,0.4286
2107,0.0,0.0
2108,0.0,0.0
2109,0.0,0.0
2110,0.0,0.0
2111,0.0,0.0
2112,0.0,0.0
2113,0.0,0.0
2114,0.0,0.0
2115,0.0,0.0
2116,0.0,0.0
2117,0.0,0.0
2118,0.0,0.0
2119,159.98,0.4286
2120,419.26,0.4286
2121,650.83,0.4286
2122,839.39,0.4286
2123,972.47,0.4286
2124,1041.29,0.4286
2125,1041.29,0.4286
2126,972.47,0.4286
2127,839.39,0.4286
2128,650.83,0.4286
2129,419.26,0.4286
2130,159.98,0.4286
2131,0.0,0.0
2132,0.0,0.0
2133,0.0,0.0
2134,0.0,0.0
2135,0.0,0.0
2136,0.0,0.0
2137,0.0,0.0
2138,0.0,0.0
2139,0.0,0.0
2140,0.0,0.0
2141,0.0,0.0
2142,0.0,0.0
2143,163.07,0.4286
2144,421.6,0.4286
2145,652.39,0.4286
2146,840.24,0.4286
2147,972.79,0.4286
2148,1041.33,0.4286
2149,1041.33,0.4286
2150,972.79,0.4286
2151,840.24,0.4286
2152,652.39,0.4286
2153,421.6,0.4286
2154,163.07,0.4286
2155,0.0,0.0
2156,0.0,0.0
2157,0.0,0.0
2158,0.0,0.0
2159,0.0,0.0
2160,0.0,0.0
2161,0.0,0.0
2162,0.0,0.0
2163,0.0,0.0
2164,0.0,0.0
2165,0.0,0.0
2166,0.0,0.0
2167,166.13,0.4286
2168,423.92,0.4286
2169,653.93,0.4286
2170,841.08,0.4286
2171,973.11,0.4286
2172,1041.36,0.4286
2173,1041.36,0.4286
2174,973.11,0.4286
2175,841.08,0.4286
2176,653.93,0.4286
2177,423.92,0.4286
2178,166.13,0.4286
2179,0.0,0.0
2180,0.0,0.0
2181,0.0,0.0
2182,0.0,0.0
2183,0.0,0.0
2184,0.0,0.0
2185,0.0,0.0
2186,0.0,0.0
2187,0.0,0.0
2188,0.0,0.0
2189,0.0,0.0
2190,0.0,0.0
2191,160.71,0.4286
2192,404.91,0.4286
2193,622.69,0.4286
2194,799.82,0.4286
2195,924.76,0.4286
2196,989.33,0.4286
2197,989.33,0.4286
2198,924.76,0.4286
2199,799.82,0.4286
2200,622.69,0.4286
2201,404.91,0.4286
2202,160.71,0.4286
2203,0.0,0.0
2204,0.0,0.0
2205,0.0,0.0
2206,0.0,0.0
2207,0.0,0.0
2208,0.0,0.0
2209,0.0,0.0
2210,0.0,0.0
2211,0.0,0.0
2212,0.0,0.0
2213,0.0,0.0
2214,0.0,0.0
2215,172.18,0.4286
2216,428.51,0.4286
2217,656.98,0.4286
2218,842.75,0.4286
2219,973.74,0.4286
2220,1041.43,0.4286
2221,1041.43,0.4286
2222,973.74,0.4286
2223,842.75,0.4286
2224,656.98,0.4286
2225,428.51,0.4286
2226,172.18,0.4286
2227,0.0,0.0
2228,0.0,0.0
2229,0.0,0.0
2230,0.0,0.0
2231,0.0,0.0
2232,0.0,0.0
2233,0.0,0.0
2234,0.0,0.0
2235,0.0,0.0
2236,0.0,0.0
2237,0.0,0.0
2238,0.0,0.0
2239,175.17,0.4286
2240,430.77,0.4286
2241,658.49,0.4286
2242,843.57,0.4286
2243,974.05,0.4286
2244,1041.47,0.4286
2245,1041.47,0.4286
2246,974.05,0.4286
2247,843.57,0.4286
2248,658.49,0.4286
2249,430.77,0.4286
2250,175.17,0.4286
2251,0.0,0.0
2252,0.0,0.0
2253,0.0,0.0
2254,0.0,0.0
2255,0.0,0.0
2256,0.0,0.0
2257,0.0,0.0
2258,0.0,0.0
2259,0.0,0.0
2260,0.0,0.0
2261,0.0,0.0
2262,0.0,0.0
2263,178.14,0.4286
2264,433.02,0.4286
2265,659.98,0.4286
2266,844.39,0.4286
2267,974.35,0.4286
2268,1041.5,0.4286
2269,1041.5,0.4286
2270,974.35,0.4286
2271,844.39,0.4286
2272,659.98,0.4286
2273,433.02,0.4286
2274,178.14,0.4286
2275,0.0,0.0
2276,0.0,0.0
2277,0.0,0.0
2278,0.0,0.0
2279,0.0,0.0
2280,0.0,0.0
2281,0.0,0.0
2282,0.0,0.0
2283,0.0,0.0
2284,0.0,0.0
2285,0.0,0.0
2286,0.0,0.0
2287,181.08,0.4286
2288,435.24,0.4286
2289,661.45,0.4286
2290,845.19,0.4286
2291,974.66,0.4286
2292,1041.54,0.4286
2293,1041.54,0.4286
2294,974.66,0.4286
2295,845.19,0.4286
2296,661.45,0.4286
2297,435.24,0.4286
2298,181.08,0.4286
2299,0.0,0.0
2300,0.0,0.0
2301,0.0,0.0
2302,0.0,0.0
2303,0.0,0.0
2304,0.0,0.0
2305,0.0,0.0
2306,0.0,0.0
2307,0.0,0.0
2308,0.0,0.0
2309,0.0,0.0
2310,0.0,0.0
2311,183.99,0.4286
2312,437.44,0.4286
2313,662.91,0.4286
2314,845.99,0.4286
2315,974.96,0.4286
2316,1041.57,0.4286
2317,1041.57,0.4286
2318,974.96,0.4286
2319,845.99,0.4286
2320,662.91,0.4286
2321,437.44,0.4286
2322,183.99,0.4286
2323,0.0,0.0
2324,0.0,0.0
2325,0.0,0.0
2326,0.0,0.0
2327,0.0,0.0
2328,0.0,0.0
2329,0.0,0.0
2330,0.0,0.0
2331,0.0,0.0
2332,0.0,0.0
2333,0.0,0.0
2334,0.0,0.0
2335,186.88,0.4286
2336,439.62,0.4286
2337,664.36,0.4286
2338,846.78,0.4286
2339,975.25,0.4286
2340,1041.61,0.4286
2341,1041.61,0.4286
2342,975.25,0.4286
2343,846.78,0.4286
2344,664.36,0.4286
2345,439.62,0.4286
2346,186.88,0.4286
2347,0.0,0.0
2348,0.0,0.0
2349,0.0,0.0
2350,0.0,0.0
2351,0.0,0.0
2352,0.0,0.0
2353,0.0,0.0
2354,0.0,0.0
2355,0.0,0.0
2356,0.0,0.0
2357,0.0,0.0
2358,0.0,0.0
2359,180.26,0.4286
2360,419.69,0.4286
2361,632.5,0.4286
2362,805.18,0.4286
2363,926.77,0.4286
2364,989.56,0.4286
2365,989.56,0.4286
2366,926.77,0.4286
2367,805.18,0.4286
2368,632.5,0.4286
2369,419.69,0.4286
2370,180.26,0.4286
2371,0.0,0.0
2372,0.0,0.0
2373,0.0,0.0
2374,0.0,0.0
2375,0.0,0.0
2376,0.0,0.0
2377,0.0,0.0
2378,0.0,0.0
2379,0.0,0.0
2380,0.0,0.0
2381,0.0,0.0
2382,0.0,0.0
2383,192.58,0.4286
2384,443.92,0.4286
2385,667.21,0.4286
2386,848.33,0.4286
2387,975.84,0.4286
2388,1041.67,0.4286
2389,1041.67,0.4286
2390,975.84,0.4286
2391,848.33,0.4286
2392,667.21,0.4286
2393,443.92,0.4286
2394,192.58,0.4286
2395,0.0,0.0
2396,0.0,0.0
2397,0.0,0.0
2398,0.0,0.0
2399,0.0,0.0
2400,0.0,0.0
2401,0.0,0.0
2402,0.0,0.0
2403,0.0,0.0
2404,0.0,0.0
2405,0.0,0.0
2406,0.0,0.0
2407,195.38,0.4286
2408,446.04,0.4286
2409,668.61,0.4286
2410,849.1,0.4286
2411,976.13,0.4286
2412,1041.7,0.4286
2413,1041.7,0.4286
2414,976.13,0.4286
2415,849.1,0.4286
2416,668.61,0.4286
2417,446.04,0.4286
2418,195.38,0.4286
2419,0.0,0.0
2420,0.0,0.0
2421,0.0,0.0
2422,0.0,0.0
2423,0.0,0.0
2424,0.0,0.0
2425,0.0,0.0
2426,0.0,0.0
2427,0.0,0.0
2428,0.0,0.0
2429,0.0,0.0
2430,0.0,0.0
2431,198.16,0.4286
2432,448.13,0.4286
2433,670.0,0.4286
2434,849.85,0.4286
2435,976.41,0.4286
2436,1041.74,0.4286
2437,1041.74,0.4286
2438,976.41,0.4286
2439,849.85,0.4286
2440,670.0,0.4286
2441,448.13,0.4286
2442,198.16,0.4286
2443,0.0,0.0
2444,0.0,0.0
2445,0.0,0.0
2446,0.0,0.0
2447,0.0,0.0
2448,0.0,0.0
2449,0.0,0.0
2450,0.0,0.0
2451,0.0,0.0
2452,0.0,0.0
2453,0.0,0.0
2454,0.0,0.0
2455,200.91,0.4286
2456,450.2,0.4286
2457,671.37,0.4286
2458,850.6,0.4286
2459,976.69,0.4286
2460,1041.77,0.4286
2461,1041.77,0.4286
2462,976.69,0.4286
2463,850.6,0.4286
2464,671.37,0.4286
2465,450.2,0.4286
2466,200.91,0.4286
2467,0.0,0.0
2468,0.0,0.0
2469,0.0,0.0
2470,0.0,0.0
2471,0.0,0.0
2472,0.0,0.0
2473,0.0,0.0
2474,0.0,0.0
2475,0.0,0.0
2476,0.0,0.0
2477,0.0,0.0
2478,0.0,0.0
2479,203.62,0.4286
2480,452.24,0.4286
2481,672.72,0.4286
2482,851.33,0.4286
2483,976.97,0.4286
2484,1041.8,0.4286
2485,1041.8,0.4286
2486,976.97,0.4286
2487,851.33,0.4286
2488,672.72,0.4286
2489,452.24,0.4286
2490,203.62,0.4286
2491,0.0,0.0
2492,0.0,0.0
2493,0.0,0.0
2494,0.0,0.0
2495,0.0,0.0
2496,0.0,0.0
2497,0.0,0.0
2498,0.0,0.0
2499,0.0,0.0
2500,0.0,0.0
2501,0.0,0.0
2502,0.0,0.0
2503,206.31,0.4286
2504,454.27,0.4286
2505,674.06,0.4286
2506,852.06,0.4286
2507,977.24,0.4286
2508,1041.83,0.4286
2509,1041.83,0.4286
2510,977.24,0.4286
2511,852.06,0.4286
2512,674.06,0.4286
2513,454.27,0.4286
2514,206.31,0.4286
2515,0.0,0.0
2516,0.0,0.0
2517,0.0,0.0
2518,0.0,0.0
2519,0.0,0.0
2520,0.0,0.0
2521,0.0,0.0
2522,0.0,0.0
2523,0.0,0.0
2524,0.0,0.0
2525,0.0,0.0
2526,0.0,0.0
2527,198.52,0.4286
2528,433.45,0.4286
2529,641.61,0.4286
2530,810.14,0.4286
2531,928.63,0.4286
2532,989.77,0.4286
2533,989.77,0.4286
2534,928.63,0.4286
2535,810.14,0.4286
2536,641.61,0.4286
2537,433.45,0.4286
2538,198.52,0.4286
2539,0.0,0.0
2540,0.0,0.0
2541,0.0,0.0
2542,0.0,0.0
2543,0.0,0.0
2544,0.0,0.0
2545,0.0,0.0
2546,0.0,0.0
2547,0.0,0.0
2548,0.0,0.0
2549,0.0,0.0
2550,0.0,0.0
2551,211.59,0.4286
2552,458.24,0.4286
2553,676.68,0.4286
2554,853.49,0.4286
2555,977.78,0.4286
2556,1041.89,0.4286
2557,1041.89,0.4286
2558,977.78,0.4286
2559,853.49,0.4286
2560,676.68,0.4286
2561,458.24,0.4286
2562,211.59,0.4286
2563,0.0,0.0
2564,0.0,0.0
2565,0.0,0.0
2566,0.0,0.0
2567,0.0,0.0
2568,0.0,0.0
2569,0.0,0.0
2570,0.0,0.0
2571,0.0,0.0
2572,0.0,0.0
2573,0.0,0.0
2574,0.0,0.0
2575,214.18,0.4286
2576,460.18,0.4286
2577,677.97,0.4286
2578,854.19,0.4286
2579,978.04,0.4286
2580,1041.92,0.4286
2581,1041.92,0.4286
2582,978.04,0.4286
2583,854.19,0.4286
2584,677.97,0.4286
2585,460.18,0.4286
2586,214.18,0.4286
2587,0.0,0.0
2588,0.0,0.0
2589,0.0,0.0
2590,0.0,0.0
2591,0.0,0.0
2592,0.0,0.0
2593,0.0,0.0
2594,0.0,0.0
2595,0.0,0.0
2596,0.0,0.0
2597,0.0,0.0
2598,0.0,0.0
2599,216.74,0.4286
2600,462.11,0.4286
2601,679.24,0.4286
2602,854.88,0.4286
2603,978.3,0.4286
2604,1041.95,0.4286
2605,1041.95,0.4286
2606,978.3,0.4286
2607,854.88,0.4286
2608,679.24,0.4286
2609,462.11,0.4286
2610,216.74,0.4286
2611,0.0,0.0
2612,0.0,0.0
2613,0.0,0.0
2614,0.0,0.0
2615,0.0,0.0
2616,0.0,0.0
2617,0.0,0.0
2618,0.0,0.0
2619,0.0,0.0
2620,0.0,0.0
2621,0.0,0.0
2622,0.0,0.0
2623,219.27,0.4286
2624,464.0,0.4286
2625,680.49,0.4286
2626,855.56,0.4286
2627,978.55,0.4286
2628,1041.98,0.4286
2629,1041.98,0.4286
2630,978.55,0.4286
2631,855.56,0.4286
2632,680.49,0.4286
2633,464.0,0.4286
2634,219.27,0.4286
2635,0.0,0.0
2636,0.0,0.0
2637,0.0,0.0
2638,0.0,0.0
2639,0.0,0.0
2640,0.0,0.0
2641,0.0,0.0
2642,0.0,0.0
2643,0.0,0.0
2644,0.0,0.0
2645,0.0,0.0
2646,0.0,0.0
2647,221.76,0.4286
2648,465.87,0.4286
2649,681.73,0.4286
2650,856.24,0.4286
2651,978.81,0.4286
2652,1042.01,0.4286
2653,1042.01,0.4286
2654,978.81,0.4286
2655,856.24,0.4286
2656,681.73,0.4286
2657,465.87,0.4286
2658,221.76,0.4286
2659,0.0,0.0
2660,0.0,0.0
2661,0.0,0.0
2662,0.0,0.0
2663,0.0,0.0
2664,0.0,0.0
2665,0.0,0.0
2666,0.0,0.0
2667,0.0,0.0
2668,0.0,0.0
2669,0.0,0.0
2670,0.0,0.0
2671,224.22,0.4286
2672,467.72,0.4286
2673,682.95,0.4286
2674,856.9,0.4286
2675,979.05,0.4286
2676,1042.04,0.4286
2677,1042.04,0.4286
2678,979.05,0.4286
2679,856.9,0.4286
2680,682.95,0.4286
2681,467.72,0.4286
2682,224.22,0.4286
2683,0.0,0.0
2684,0.0,0.0
2685,0.0,0.0
2686,0.0,0.0
2687,0.0,0.0
2688,0.0,0.0
2689,0.0,0.0
2690,0.0,0.0
2691,0.0,0.0
2692,0.0,0.0
2693,0.0,0.0
2694,0.0,0.0
2695,215.32,0.4286
2696,446.06,0.4286
2697,649.94,0.4286
2698,814.67,0.4286
2699,930.33,0.4286
2700,989.96,0.4286
2701,989.96,0.4286
2702,930.33,0.4286
2703,814.67,0.4286
2704,649.94,0.4286
2705,446.06,0.4286
2706,215.32,0.4286
2707,0.0,0.0
2708,0.0,0.0
2709,0.0,0.0
2710,0.0,0.0
2711,0.0,0.0
2712,0.0,0.0
2713,0.0,0.0
2714,0.0,0.0
2715,0.0,0.0
2716,0.0,0.0
2717,0.0,0.0
2718,0.0,0.0
2719,229.04,0.4286
2720,471.33,0.4286
2721,685.33,0.4286
2722,858.19,0.4286
2723,979.54,0.4286
2724,1042.09,0.4286
2725,1042.09,0.4286
2726,979.54,0.4286
2727,858.19,0.4286
2728,685.33,0.4286
2729,471.33,0.4286
2730,229.04,0.4286
2731,0.0,0.0
2732,0.0,0.0
2733,0.0,0.0
2734,0.0,0.0
2735,0.0,0.0
2736,0.0,0.0
2737,0.0,0.0
2738,0.0,0.0
2739,0.0,0.0
2740,0.0,0.0
2741,0.0,0.0
2742,0.0,0.0
2743,231.4,0.4286
2744,473.1,0.4286
2745,686.49,0.4286
2746,858.82,0.4286
2747,979.78,0.4286
2748,1042.12,0.4286
2749,1042.12,0.4286
2750,979.78,0.4286
2751,858.82,0.4286
2752,686.49,0.4286
2753,473.1,0.4286
2754,231.4,0.4286
2755,0.0,0.0
2756,0.0,0.0
2757,0.0,0.0
2758,0.0,0.0
2759,0.0,0.0
2760,0.0,0.0
2761,0.0,0.0
2762,0.0,0.0
2763,0.0,0.0
2764,0.0,0.0
2765,0.0,0.0
2766,0.0,0.0
2767,233.72,0.4286
2768,474.84,0.4286
2769,687.64,0.4286
2770,859.45,0.4286
2771,980.01,0.4286
2772,1042.15,0.4286
2773,1042.15,0.4286
2774,980.01,0.4286
2775,859.45,0.4286
2776,687.64,0.4286
2777,474.84,0.4286
2778,233.72,0.4286
2779,0.0,0.0
2780,0.0,0.0
2781,0.0,0.0
2782,0.0,0.0
2783,0.0,0.0
2784,0.0,0.0
2785,0.0,0.0
2786,0.0,0.0
2787,0.0,0.0
2788,0.0,0.0
2789,0.0,0.0
2790,0.0,0.0
2791,236.01,0.4286
2792,476.55,0.4286
2793,688.77,0.4286
2794,860.06,0.4286
2795,980.24,0.4286
2796,1042.17,0.4286
2797,1042.17,0.4286
2798,980.24,0.4286
2799,860.06,0.4286
2800,688.77,0.4286
2801,476.55,0.4286
2802,236.01,0.4286
2803,0.0,0.0
2804,0.0,0.0
2805,0.0,0.0
2806,0.0,0.0
2807,0.0,0.0
2808,0.0,0.0
2809,0.0,0.0
2810,0.0,0.0
2811,0.0,0.0
2812,0.0,0.0
2813,0.0,0.0
2814,0.0,0.0
2815,238.26,0.4286
2816,478.23,0.4286
2817,689.88,0.4286
2818,860.66,0.4286
2819,980.47,0.4286
2820,1042.2,0.4286
2821,1042.2,0.4286
2822,980.47,0.4286
2823,860.66,0.4286
2824,689.88,0.4286
2825,478.23,0.4286
2826,238.26,0.4286
2827,0.0,0.0
2828,0.0,0.0
2829,0.0,0.0
2830,0.0,0.0
2831,0.0,0.0
2832,0.0,0.0
2833,0.0,0.0
2834,0.0,0.0
2835,0.0,0.0
2836,0.0,0.0
2837,0.0,0.0
2838,0.0,0.0
2839,240.47,0.4286
2840,479.89,0.4286
2841,690.97,0.4286
2842,861.25,0.4286
2843,980.69,0.4286
2844,1042.22,0.4286
2845,1042.22,0.4286
2846,980.69,0.4286
2847,861.25,0.4286
2848,690.97,0.4286
2849,479.89,0.4286
2850,240.47,0.4286
2851,0.0,0.0
2852,0.0,0.0
2853,0.0,0.0
2854,0.0,0.0
2855,0.0,0.0
2856,0.0,0.0
2857,0.0,0.0
2858,0.0,0.0
2859,0.0,0.0
2860,0.0,0.0
2861,0.0,0.0
2862,0.0,0.0
2863,230.52,0.4286
2864,457.44,0.4286
2865,657.44,0.4286
2866,818.74,0.4286
2867,931.86,0.4286
2868,990.13,0.4286
2869,990.13,0.4286
2870,931.86,0.4286
2871,818.74,0.4286
2872,657.44,0.4286
2873,457.44,0.4286
2874,230.52,0.4286
2875,0.0,0.0
2876,0.0,0.0
2877,0.0,0.0
2878,0.0,0.0
2879,0.0,0.0
2880,0.0,0.0
2881,0.0,0.0
2882,0.0,0.0
2883,0.0,0.0
2884,0.0,0.0
2885,0.0,0.0
2886,0.0,0.0
2887,244.8,0.4286
2888,483.12,0.4286
2889,693.09,0.4286
2890,862.41,0.4286
2891,981.12,0.4286
2892,1042.27,0.4286
2893,1042.27,0.4286
2894,981.12,0.4286
2895,862.41,0.4286
2896,693.09,0.4286
2897,483.12,0.4286
2898,244.8,0.4286
2899,0.0,0.0
2900,0.0,0.0
2901,0.0,0.0
2902,0.0,0.0
2903,0.0,0.0
2904,0.0,0.0
2905,0.0,0.0
2906,0.0,0.0
2907,0.0,0.0
2908,0.0,0.0
2909,0.0,0.0
2910,0.0,0.0
2911,246.9,0.4286
2912,484.69,0.4286
2913,694.13,0.4286
2914,862.97,0.4286
2915,981.33,0.4286
2916,1042.29,0.4286
2917,1042.29,0.4286
2918,981.33,0.4286
2919,862.97,0.4286
2920,694.13,0.4286
2921,484.69,0.4286
2922,246.9,0.4286
2923,0.0,0.0
2924,0.0,0.0
2925,0.0,0.0
2926,0.0,0.0
2927,0.0,0.0
2928,0.0,0.0
2929,0.0,0.0
2930,0.0,0.0
2931,0.0,0.0
2932,0.0,0.0
2933,0.0,0.0
2934,0.0,0.0
2935,248.97,0.4286
2936,486.23,0.4286
2937,695.14,0.4286
2938,863.52,0.4286
2939,981.54,0.4286
2940,1042.32,0.4286
2941,1042.32,0.4286
2942,981.54,0.4286
2943,863.52,0.4286
2944,695.14,0.4286
2945,486.23,0.4286
2946,248.97,0.4286
2947,0.0,0.0
2948,0.0,0.0
2949,0.0,0.0
2950,0.0,0.0
2951,0.0,0.0
2952,0.0,0.0
2953,0.0,0.0
2954,0.0,0.0
2955,0.0,0.0
2956,0.0,0.0
2957,0.0,0.0
2958,0.0,0.0
2959,251.0,0.4286
2960,487.75,0.4286
2961,696.14,0.4286
2962,864.06,0.4286
2963,981.74,0.4286
2964,1042.34,0.4286
2965,1042.34,0.4286
2966,981.74,0.4286
2967,864.06,0.4286
2968,696.14,0.4286
2969,487.75,0.4286
2970,251.0,0.4286
2971,0.0,0.0
2972,0.0,0.0
2973,0.0,0.0
2974,0.0,0.0
2975,0.0,0.0
2976,0.0,0.0
2977,0.0,0.0
2978,0.0,0.0
2979,0.0,0.0
2980,0.0,0.0
2981,0.0,0.0
2982,2.08,0.0793
2983,252.99,0.4286
2984,489.23,0.4286
2985,697.12,0.4286
2986,864.59,0.4286
2987,981.94,0.4286
2988,1042.36,0.4286
2989,1042.36,0.4286
2990,981.94,0.4286
2991,864.59,0.4286
2992,697.12,0.4286
2993,489.23,0.4286
2994,252.99,0.4286
2995,2.08,0.0793
2996,0.0,0.0
2997,0.0,0.0
2998,0.0,0.0
2999,0.0,0.0
3000,0.0,0.0
3001,0.0,0.0
3002,0.0,0.0
3003,0.0,0.0
3004,0.0,0.0
3005,0.0,0.0
3006,4.46,0.17
3007,254.95,0.4286
3008,490.69,0.4286
3009,698.08,0.4286
3010,865.11,0.4286
3011,982.13,0.4286
3012,1042.39,0.4286
3013,1042.39,0.4286
3014,982.13,0.4286
3015,865.11,0.4286
3016,698.08,0.4286
3017,490.69,0.4286
3018,254.95,0.4286
3019,4.46,0.17
3020,0.0,0.0
3021,0.0,0.0
3022,0.0,0.0
3023,0.0,0.0
3024,0.0,0.0
3025,0.0,0.0
3026,0.0,0.0
3027,0.0,0.0
3028,0.0,0.0
3029,0.0,0.0
3030,6.46,0.246
3031,244.02,0.4286
3032,467.51,0.4286
3033,664.06,0.4286
3034,822.33,0.4286
3035,933.21,0.4286
3036,990.29,0.4286
3037,990.29,0.4286
3038,933.21,0.4286
3039,822.33,0.4286
3040,664.06,0.4286
3041,467.51,0.4286
3042,244.02,0.4286
3043,6.46,0.246
3044,0.0,0.0
3045,0.0,0.0
3046,0.0,0.0
3047,0.0,0.0
3048,0.0,0.0
3049,0.0,0.0
3050,0.0,0.0
3051,0.0,0.0
3052,0.0,0.0
3053,0.0,0.0
3054,9.09,0.3461
3055,258.74,0.4286
3056,493.52,0.4286
3057,699.93,0.4286
3058,866.11,0.4286
3059,982.51,0.4286
3060,1042.43,0.4286
3061,1042.43,0.4286
3062,982.51,0.4286
3063,866.11,0.4286
3064,699.93,0.4286
3065,493.52,0.4286
3066,258.74,0.4286
3067,9.09,0.3461
3068,0.0,0.0
3069,0.0,0.0
3070,0.0,0.0
3071,0.0,0.0
3072,0.0,0.0
3073,0.0,0.0
3074,0.0,0.0
3075,0.0,0.0
3076,0.0,0.0
3077,0.0,0.0
3078,11.33,0.4286
3079,260.58,0.4286
3080,494.89,0.4286
3081,700.83,0.4286
3082,866.6,0.4286
3083,982.69,0.4286
3084,1042.45,0.4286
3085,1042.45,0.4286
3086,982.69,0.4286
3087,866.6,0.4286
3088,700.83,0.4286
3089,494.89,0.4286
3090,260.58,0.4286
3091,11.33,0.4286
3092,0.0,0.0
3093,0.0,0.0
3094,0.0,0.0
3095,0.0,0.0
3096,0.0,0.0
3097,0.0,0.0
3098,0.0,0.0
3099,0.0,0.0
3100,0.0,0.0
3101,0.0,0.0
3102,13.53,0.4286
3103,262.38,0.4286
3104,496.23,0.4286
3105,701.71,0.4286
3106,867.08,0.4286
3107,982.87,0.4286
3108,1042.47,0.4286
3109,1042.47,0.4286
3110,982.87,0.4286
3111,867.08,0.4286
3112,701.71,0.4286
3113,496.23,0.4286
3114,262.38,0.4286
3115,13.53,0.4286
3116,0.0,0.0
3117,0.0,0.0
3118,0.0,0.0
3119,0.0,0.0
3120,0.0,0.0
3121,0.0,0.0
3122,0.0,0.0
3123,0.0,0.0
3124,0.0,0.0
3125,0.0,0.0
3126,15.67,0.4286
3127,264.14,0.4286
3128,497.54,0.4286
3129,702.57,0.4286
3130,867.54,0.4286
3131,983.04,0.4286
3132,1042.49,0.4286
3133,1042.49,0.4286
3134,983.04,0.4286
3135,867.54,0.4286
3136,702.57,0.4286
3137,497.54,0.4286
3138,264.14,0.4286
3139,15.67,0.4286
3140,0.0,0.0
3141,0.0,0.0
3142,0.0,0.0
3143,0.0,0.0
3144,0.0,0.0
3145,0.0,0.0
3146,0.0,0.0
3147,0.0,0.0
3148,0.0,0.0
3149,0.0,0.0
3150,17.78,0.4286
3151,265.86,0.4286
3152,498.82,0.4286
3153,703.42,0.4286
3154,868.0,0.4286
3155,983.21,0.4286
3156,1042.51,0.4286
3157,1042.51,0.4286
3158,983.21,0.4286
3159,868.0,0.4286
3160,703.42,0.4286
3161,498.82,0.4286
3162,265.86,0.4286
3163,17.78,0.4286
3164,0.0,0.0
3165,0.0,0.0
3166,0.0,0.0
3167,0.0,0.0
3168,0.0,0.0
3169,0.0,0.0
3170,0.0,0.0
3171,0.0,0.0
3172,0.0,0.0
3173,0.0,0.0
3174,19.83,0.4286
3175,267.54,0.4286
3176,500.08,0.4286
3177,704.24,0.4286
3178,868.44,0.4286
3179,983.38,0.4286
3180,1042.53,0.4286
3181,1042.53,0.4286
3182,983.38,0.4286
3183,868.44,0.4286
3184,704.24,0.4286
3185,500.08,0.4286
3186,267.54,0.4286
3187,19.83,0.4286
3188,0.0,0.0
3189,0.0,0.0
3190,0.0,0.0
3191,0.0,0.0
3192,0.0,0.0
3193,0.0,0.0
3194,0.0,0.0
3195,0.0,0.0
3196,0.0,0.0
3197,0.0,0.0
3198,20.75,0.4286
3199,255.73,0.4286
3200,476.23,0.4286
3201,669.79,0.4286
3202,825.43,0.4286
3203,934.37,0.4286
3204,990.42,0.4286
3205,990.42,0.4286
3206,934.37,0.4286
3207,825.43,0.4286
3208,669.79,0.4286
3209,476.23,0.4286
3210,255.73,0.4286
3211,20.75,0.4286
3212,0.0,0.0
3213,0.0,0.0
3214,0.0,0.0
3215,0.0,0.0
3216,0.0,0.0
3217,0.0,0.0
3218,0.0,0.0
3219,0.0,0.0
3220,0.0,0.0
3221,0.0,0.0
3222,23.8,0.4286
3223,270.79,0.4286
3224,502.49,0.4286
3225,705.82,0.4286
3226,869.3,0.4286
3227,983.7,0.4286
3228,1042.56,0.4286
3229,1042.56,0.4286
3230,983.7,0.4286
3231,869.3,0.4286
3232,705.82,0.4286
3233,502.49,0.4286
3234,270.79,0.4286
3235,23.8,0.4286
3236,0.0,0.0
3237,0.0,0.0
3238,0.0,0.0
3239,0.0,0.0
3240,0.0,0.0
3241,0.0,0.0
3242,0.0,0.0
3243,0.0,0.0
3244,0.0,0.0
3245,0.0,0.0
3246,25.71,0.4286
3247,272.35,0.4286
3248,503.65,0.4286
3249,706.58,0.4286
3250,869.71,0.4286
3251,983.86,0.4286
3252,1042.58,0.4286
3253,1042.58,0.4286
3254,983.86,0.4286
3255,869.71,0.4286
3256,706.58,0.4286
3257,503.65,0.4286
3258,272.35,0.4286
3259,25.71,0.4286
3260,0.0,0.0
3261,0.0,0.0
3262,0.0,0.0
3263,0.0,0.0
3264,0.0,0.0
3265,0.0,0.0
3266,0.0,0.0
3267,0.0,0.0
3268,0.0,0.0
3269,0.0,0.0
3270,27.58,0.4286
3271,273.88,0.4286
3272,504.78,0.4286
3273,707.32,0.4286
3274,870.11,0.4286
3275,984.01,0.4286
3276,1042.6,0.4286
3277,1042.6,0.4286
3278,984.01,0.4286
3279,870.11,0.4286
3280,707.32,0.4286
3281,504.78,0.4286
3282,273.88,0.4286
3283,27.58,0.4286
3284,0.0,0.0
3285,0.0,0.0
3286,0.0,0.0
3287,0.0,0.0
3288,0.0,0.0
3289,0.0,0.0
3290,0.0,0.0
3291,0.0,0.0
3292,0.0,0.0
3293,0.0,0.0
3294,29.39,0.4286
3295,275.36,0.4286
3296,505.89,0.4286
3297,708.05,0.4286
3298,870.5,0.4286
3299,984.15,0.4286
3300,1042.61,0.4286
3301,1042.61,0.4286
3302,984.15,0.4286
3303,870.5,0.4286
3304,708.05,0.4286
3305,505.89,0.4286
3306,275.36,0.4286
3307,29.39,0.4286
3308,0.0,0.0
3309,0.0,0.0
3310,0.0,0.0
3311,0.0,0.0
3312,0.0,0.0
3313,0.0,0.0
3314,0.0,0.0
3315,0.0,0.0
3316,0.0,0.0
3317,0.0,0.0
3318,31.16,0.4286
3319,276.8,0.4286
3320,506.96,0.4286
3321,708.75,0.4286
3322,870.88,0.4286
3323,984.29,0.4286
3324,1042.63,0.4286
3325,1042.63,0.4286
3326,984.29,0.4286
3327,870.88,0.4286
3328,708.75,0.4286
3329,506.96,0.4286
3330,276.8,0.4286
3331,31.16,0.4286
3332,0.0,0.0
3333,0.0,0.0
3334,0.0,0.0
3335,0.0,0.0
3336,0.0,0.0
3337,0.0,0.0
3338,0.0,0.0
3339,0.0,0.0
3340,0.0,0.0
3341,0.0,0.0
3342,32.87,0.4286
3343,278.2,0.4286
3344,508.0,0.4286
3345,709.43,0.4286
3346,871.25,0.4286
3347,984.43,0.4286
3348,1042.65,0.4286
3349,1042.65,0.4286
3350,984.43,0.4286
3351,871.25,0.4286
3352,709.43,0.4286
3353,508.0,0.4286
3354,278.2,0.4286
3355,32.87,0.4286
3356,0.0,0.0
3357,0.0,0.0
3358,0.0,0.0
3359,0.0,0.0
3360,0.0,0.0
3361,0.0,0.0
3362,0.0,0.0
3363,0.0,0.0
3364,0.0,0.0
3365,0.0,0.0
3366,32.81,0.4286
3367,265.58,0.4286
3368,483.56,0.4286
3369,674.59,0.4286
3370,828.03,0.4286
3371,935.34,0.4286
3372,990.53,0.4286
3373,990.53,0.4286
3374,935.34,0.4286
3375,828.03,0.4286
3376,674.59,0.4286
3377,483.56,0.4286
3378,265.58,0.4286
3379,32.81,0.4286
3380,0.0,0.0
3381,0.0,0.0
3382,0.0,0.0
3383,0.0,0.0
3384,0.0,0.0
3385,0.0,0.0
3386,0.0,0.0
3387,0.0,0.0
3388,0.0,0.0
3389,0.0,0.0
3390,36.16,0.4286
3391,280.88,0.4286
3392,509.99,0.4286
3393,710.73,0.4286
3394,871.96,0.4286
3395,984.7,0.4286
3396,1042.68,0.4286
3397,1042.68,0.4286
3398,984.7,0.4286
3399,871.96,0.4286
3400,710.73,0.4286
3401,509.99,0.4286
3402,280.88,0.4286
3403,36.16,0.4286
3404,0.0,0.0
3405,0.0,0.0
3406,0.0,0.0
3407,0.0,0.0
3408,0.0,0.0
3409,0.0,0.0
3410,0.0,0.0
3411,0.0,0.0
3412,0.0,0.0
3413,0.0,0.0
3414,37.73,0.4286
3415,282.16,0.4286
3416,510.94,0.4286
3417,711.36,0.4286
3418,872.29,0.4286
3419,984.82,0.4286
3420,1042.69,0.4286
3421,1042.69,0.4286
3422,984.82,0.4286
3423,872.29,0.4286
3424,711.36,0.4286
3425,510.94,0.4286
3426,282.16,0.4286
3427,37.73,0.4286
3428,0.0,0.0
3429,0.0,0.0
3430,0.0,0.0
3431,0.0,0.0
3432,0.0,0.0
3433,0.0,0.0
3434,0.0,0.0
3435,0.0,0.0
3436,0.0,0.0
3437,0.0,0.0
3438,39.24,0.4286
3439,283.4,0.4286
3440,511.86,0.4286
3441,711.96,0.4286
3442,872.62,0.4286
3443,984.94,0.4286
3444,1042.7,0.4286
3445,1042.7,0.4286
3446,984.94,0.4286
3447,872.62,0.4286
3448,711.96,0.4286
3449,511.86,0.4286
3450,283.4,0.4286
3451,39.24,0.4286
3452,0.0,0.0
3453,0.0,0.0
3454,0.0,0.0
3455,0.0,0.0
3456,0.0,0.0
3457,0.0,0.0
3458,0.0,0.0
3459,0.0,0.0
3460,0.0,0.0
3461,0.0,0.0
3462,40.71,0.4286
3463,284.6,0.4286
3464,512.74,0.4286
3465,712.54,0.4286
3466,872.93,0.4286
3467,985.06,0.4286
3468,1042.72,0.4286
3469,1042.72,0.4286
3470,985.06,0.4286
3471,872.93,0.4286
3472,712.54,0.4286
3473,512.74,0.4286
3474,284.6,0.4286
3475,40.71,0.4286
3476,0.0,0.0
3477,0.0,0.0
3478,0.0,0.0
3479,0.0,0.0
3480,0.0,0.0
3481,0.0,0.0
3482,0.0,0.0
3483,0.0,0.0
3484,0.0,0.0
3485,0.0,0.0
3486,42.13,0.4286
3487,285.75,0.4286
3488,513.6,0.4286
3489,713.1,0.4286
3490,873.24,0.4286
3491,985.17,0.4286
3492,1042.73,0.4286
3493,1042.73,0.4286
3494,985.17,0.4286
3495,873.24,0.4286
3496,713.1,0.4286
3497,513.6,0.4286
3498,285.75,0.4286
3499,42.13,0.4286
3500,0.0,0.0
3501,0.0,0.0
3502,0.0,0.0
3503,0.0,0.0
3504,0.0,0.0
3505,0.0,0.0
3506,0.0,0.0
3507,0.0,0.0
3508,0.0,0.0
3509,0.0,0.0
3510,43.5,0.4286
3511,286.87,0.4286
3512,514.43,0.4286
3513,713.64,0.4286
3514,873.53,0.4286
3515,985.28,0.4286
3516,1042.74,0.4286
3517,1042.74,0.4286
3518,985.28,0.4286
3519,873.53,0.4286
3520,713.64,0.4286
3521,514.43,0.4286
3522,286.87,0.4286
3523,43.5,0.4286
3524,0.0,0.0
3525,0.0,0.0
3526,0.0,0.0
3527,0.0,0.0
3528,0.0,0.0
3529,0.0,0.0
3530,0.0,0.0
3531,0.0,0.0
3532,0.0,0.0
3533,0.0,0.0
3534,42.58,0.4286
3535,273.54,0.4286
3536,489.46,0.4286
3537,678.45,0.4286
3538,830.12,0.4286
3539,936.12,0.4286
3540,990.62,0.4286
3541,990.62,0.4286
3542,936.12,0.4286
3543,830.12,0.4286
3544,678.45,0.4286
3545,489.46,0.4286
3546,273.54,0.4286
3547,42.58,0.4286
3548,0.0,0.0
3549,0.0,0.0
3550,0.0,0.0
3551,0.0,0.0
3552,0.0,0.0
3553,0.0,0.0
3554,0.0,0.0
3555,0.0,0.0
3556,0.0,0.0
3557,0.0,0.0
3558,46.08,0.4286
3559,288.97,0.4286
3560,515.99,0.4286
3561,714.66,0.4286
3562,874.08,0.4286
3563,985.49,0.4286
3564,1042.77,0.4286
3565,1042.77,0.4286
3566,985.49,0.4286
3567,874.08,0.4286
3568,714.66,0.4286
3569,515.99,0.4286
3570,288.97,0.4286
3571,46.08,0.4286
3572,0.0,0.0
3573,0.0,0.0
3574,0.0,0.0
3575,0.0,0.0
3576,0.0,0.0
3577,0.0,0.0
3578,0.0,0.0
3579,0.0,0.0
3580,0.0,0.0
3581,0.0,0.0
3582,47.3,0.4286
3583,289.96,0.4286
3584,516.72,0.4286
3585,715.14,0.4286
3586,874.34,0.4286
3587,985.59,0.4286
3588,1042.78,0.4286
3589,1042.78,0.4286
3590,985.59,0.4286
3591,874.34,0.4286
3592,715.14,0.4286
3593,516.72,0.4286
3594,289.96,0.4286
3595,47.3,0.4286
3596,0.0,0.0
3597,0.0,0.0
3598,0.0,0.0
3599,0.0,0.0
3600,0.0,0.0
3601,0.0,0.0
3602,0.0,0.0
3603,0.0,0.0
3604,0.0,0.0
3605,0.0,0.0
3606,48.47,0.4286
3607,290.91,0.4286
3608,517.43,0.4286
3609,715.6,0.4286
3610,874.59,0.4286
3611,985.68,0.4286
3612,1042.79,0.4286
3613,1042.79,0.4286
3614,985.68,0.4286
3615,874.59,0.4286
3616,715.6,0.4286
3617,517.43,0.4286
3618,290.91,0.4286
3619,48.47,0.4286
3620,0.0,0.0
3621,0.0,0.0
3622,0.0,0.0
3623,0.0,0.0
3624,0.0,0.0
3625,0.0,0.0
3626,0.0,0.0
3627,0.0,0.0
3628,0.0,0.0
3629,0.0,0.0
3630,49.58,0.4286
3631,291.82,0.4286
3632,518.1,0.4286
3633,716.04,0.4286
3634,874.83,0.4286
3635,985.77,0.4286
3636,1042.8,0.4286
3637,1042.8,0.4286
3638,985.77,0.4286
3639,874.83,0.4286
3640,716.04,0.4286
3641,518.1,0.4286
3642,291.82,0.4286
3643,49.58,0.4286
3644,0.0,0.0
3645,0.0,0.0
3646,0.0,0.0
3647,0.0,0.0
3648,0.0,0.0
3649,0.0,0.0
3650,0.0,0.0
3651,0.0,0.0
3652,0.0,0.0
3653,0.0,0.0
3654,50.64,0.4286
3655,292.68,0.4286
3656,518.74,0.4286
3657,716.46,0.4286
3658,875.05,0.4286
3659,985.85,0.4286
3660,1042.81,0.4286
3661,1042.81,0.4286
3662,985.85,0.4286
3663,875.05,0.4286
3664,716.46,0.4286
3665,518.74,0.4286
3666,292.68,0.4286
3667,50.64,0.4286
3668,0.0,0.0
3669,0.0,0.0
3670,0.0,0.0
3671,0.0,0.0
3672,0.0,0.0
3673,0.0,0.0
3674,0.0,0.0
3675,0.0,0.0
3676,0.0,0.0
3677,0.0,0.0
3678,51.66,0.4286
3679,293.51,0.4286
3680,519.35,0.4286
3681,716.86,0.4286
3682,875.27,0.4286
3683,985.93,0.4286
3684,1042.82,0.4286
3685,1042.82,0.4286
3686,985.93,0.4286
3687,875.27,0.4286
3688,716.86,0.4286
3689,519.35,0.4286
3690,293.51,0.4286
3691,51.66,0.4286
3692,0.0,0.0
3693,0.0,0.0
3694,0.0,0.0
3695,0.0,0.0
3696,0.0,0.0
3697,0.0,0.0
3698,0.0,0.0
3699,0.0,0.0
3700,0.0,0.0
3701,0.0,0.0
3702,49.98,0.4286
3703,279.57,0.4286
3704,493.93,0.4286
3705,681.38,0.4286
3706,831.7,0.4286
3707,936.71,0.4286
3708,990.68,0.4286
3709,990.68,0.4286
3710,936.71,0.4286
3711,831.7,0.4286
3712,681.38,0.4286
3713,493.93,0.4286
3714,279.57,0.4286
3715,49.98,0.4286
3716,0.0,0.0
3717,0.0,0.0
3718,0.0,0.0
3719,0.0,0.0
3720,0.0,0.0
3721,0.0,0.0
3722,0.0,0.0
3723,0.0,0.0
3724,0.0,0.0
3725,0.0,0.0
3726,53.53,0.4286
3727,295.03,0.4286
3728,520.47,0.4286
3729,717.6,0.4286
3730,875.67,0.4286
3731,986.08,0.4286
3732,1042.83,0.4286
3733,1042.83,0.4286
3734,986.08,0.4286
3735,875.67,0.4286
3736,717.6,0.4286
3737,520.47,0.4286
3738,295.03,0.4286
3739,53.53,0.4286
3740,0.0,0.0
3741,0.0,0.0
3742,0.0,0.0
3743,0.0,0.0
3744,0.0,0.0
3745,0.0,0.0
3746,0.0,0.0
3747,0.0,0.0
3748,0.0,0.0
3749,0.0,0.0
3750,54.38,0.4286
3751,295.72,0.4286
3752,520.99,0.4286
3753,717.93,0.4286
3754,875.85,0.4286
3755,986.15,0.4286
3756,1042.84,0.4286
3757,1042.84,0.4286
3758,986.15,0.4286
3759,875.85,0.4286
3760,717.93,0.4286
3761,520.99,0.4286
3762,295.72,0.4286
3763,54.38,0.4286
3764,0.0,0.0
3765,0.0,0.0
3766,0.0,0.0
3767,0.0,0.0
3768,0.0,0.0
3769,0.0,0.0
3770,0.0,0.0
3771,0.0,0.0
3772,0.0,0.0
3773,0.0,0.0
3774,55.19,0.4286
3775,296.38,0.4286
3776,521.48,0.4286
3777,718.25,0.4286
3778,876.02,0.4286
3779,986.21,0.4286
3780,1042.85,0.4286
3781,1042.85,0.4286
3782,986.21,0.4286
3783,876.02,0.4286
3784,718.25,0.4286
3785,521.48,0.4286
3786,296.38,0.4286
3787,55.19,0.4286
3788,0.0,0.0
3789,0.0,0.0
3790,0.0,0.0
3791,0.0,0.0
3792,0.0,0.0
3793,0.0,0.0
3794,0.0,0.0
3795,0.0,0.0
3796,0.0,0.0
3797,0.0,0.0
3798,55.94,0.4286
3799,296.99,0.4286
3800,521.93,0.4286
3801,718.55,0.4286
3802,876.18,0.4286
3803,986.27,0.4286
3804,1042.85,0.4286
3805,1042.85,0.4286
3806,986.27,0.4286
3807,876.18,0.4286
3808,718.55,0.4286
3809,521.93,0.4286
3810,296.99,0.4286
3811,55.94,0.4286
3812,0.0,0.0
3813,0.0,0.0
3814,0.0,0.0
3815,0.0,0.0
3816,0.0,0.0
3817,0.0,0.0
3818,0.0,0.0
3819,0.0,0.0
3820,0.0,0.0
3821,0.0,0.0
3822,56.65,0.4286
3823,297.56,0.4286
3824,522.35,0.4286
3825,718.82,0.4286
3826,876.33,0.4286
3827,986.33,0.4286
3828,1042.86,0.4286
3829,1042.86,0.4286
3830,986.33,0.4286
3831,876.33,0.4286
3832,718.82,0.4286
3833,522.35,0.4286
3834,297.56,0.4286
3835,56.65,0.4286
3836,0.0,0.0
3837,0.0,0.0
3838,0.0,0.0
3839,0.0,0.0
3840,0.0,0.0
3841,0.0,0.0
3842,0.0,0.0
3843,0.0,0.0
3844,0.0,0.0
3845,0.0,0.0
3846,57.3,0.4286
3847,298.09,0.4286
3848,522.74,0.4286
3849,719.08,0.4286
3850,876.47,0.4286
3851,986.38,0.4286
3852,1042.87,0.4286
3853,1042.87,0.4286
3854,986.38,0.4286
3855,876.47,0.4286
3856,719.08,0.4286
3857,522.74,0.4286
3858,298.09,0.4286
3859,57.3,0.4286
3860,0.0,0.0
3861,0.0,0.0
3862,0.0,0.0
3863,0.0,0.0
3864,0.0,0.0
3865,0.0,0.0
3866,0.0,0.0
3867,0.0,0.0
3868,0.0,0.0
3869,0.0,0.0
3870,55.0,0.4286
3871,283.65,0.4286
3872,496.95,0.4286
3873,683.35,0.4286
3874,832.76,0.4286
3875,937.11,0.4286
3876,990.73,0.4286
3877,990.73,0.4286
3878,937.11,0.4286
3879,832.76,0.4286
3880,683.35,0.4286
3881,496.95,0.4286
3882,283.65,0.4286
3883,55.0,0.4286
3884,0.0,0.0
3885,0.0,0.0
3886,0.0,0.0
3887,0.0,0.0
3888,0.0,0.0
3889,0.0,0.0
3890,0.0,0.0
3891,0.0,0.0
3892,0.0,0.0
3893,0.0,0.0
3894,58.44,0.4286
3895,299.02,0.4286
3896,523.43,0.4286
3897,719.53,0.4286
3898,876.71,0.4286
3899,986.47,0.4286
3900,1042.88,0.4286
3901,1042.88,0.4286
3902,986.47,0.4286
3903,876.71,0.4286
3904,719.53,0.4286
3905,523.43,0.4286
3906,299.02,0.4286
3907,58.44,0.4286
3908,0.0,0.0
3909,0.0,0.0
3910,0.0,0.0
3911,0.0,0.0
3912,0.0,0.0
3913,0.0,0.0
3914,0.0,0.0
3915,0.0,0.0
3916,0.0,0.0
3917,0.0,0.0
3918,58.94,0.4286
3919,299.43,0.4286
3920,523.73,0.4286
3921,719.72,0.4286
3922,876.81,0.4286
3923,986.51,0.4286
3924,1042.88,0.4286
3925,1042.88,0.4286
3926,986.51,0.4286
3927,876.81,0.4286
3928,719.72,0.4286
3929,523.73,0.4286
3930,299.43,0.4286
3931,58.94,0.4286
3932,0.0,0.0
3933,0.0,0.0
3934,0.0,0.0
3935,0.0,0.0
3936,0.0,0.0
3937,0.0,0.0
3938,0.0,0.0
3939,0.0,0.0
3940,0.0,0.0
3941,0.0,0.0
3942,59.38,0.4286
3943,299.79,0.4286
3944,524.0,0.4286
3945,719.9,0.4286
3946,876.91,0.4286
3947,986.55,0.4286
3948,1042.89,0.4286
3949,1042.89,0.4286
3950,986.55,0.4286
3951,876.91,0.4286
3952,719.9,0.4286
3953,524.0,0.4286
3954,299.79,0.4286
3955,59.38,0.4286
3956,0.0,0.0
3957,0.0,0.0
3958,0.0,0.0
3959,0.0,0.0
3960,0.0,0.0
3961,0.0,0.0
3962,0.0,0.0
3963,0.0,0.0
3964,0.0,0.0
3965,0.0,0.0
3966,59.77,0.4286
3967,300.11,0.4286
3968,524.23,0.4286
3969,720.05,0.4286
3970,876.99,0.4286
3971,986.58,0.4286
3972,1042.89,0.4286
3973,1042.89,0.4286
3974,986.58,0.4286
3975,876.99,0.4286
3976,720.05,0.4286
3977,524.23,0.4286
3978,300.11,0.4286
3979,59.77,0.4286
3980,0.0,0.0
3981,0.0,0.0
3982,0.0,0.0
3983,0.0,0.0
3984,0.0,0.0
3985,0.0,0.0
3986,0.0,0.0
3987,0.0,0.0
3988,0.0,0.0
3989,0.0,0.0
3990,60.11,0.4286
3991,300.38,0.4286
3992,524.44,0.4286
3993,720.19,0.4286
3994,877.06,0.4286
3995,986.6,0.4286
3996,1042.89,0.4286
3997,1042.89,0.4286
3998,986.6,0.4286
3999,877.06,0.4286
4000,720.19,0.4286
4001,524.44,0.4286
4002,300.38,0.4286
4003,60.11,0.4286
4004,0.0,0.0
4005,0.0,0.0
4006,0.0,0.0
4007,0.0,0.0
4008,0.0,0.0
4009,0.0,0.0
4010,0.0,0.0
4011,0.0,0.0
4012,0.0,0.0
4013,0.0,0.0
4014,60.4,0.4286
4015,300.61,0.4286
4016,524.61,0.4286
4017,720.3,0.4286
4018,877.12,0.4286
4019,986.63,0.4286
4020,1042.89,0.4286
4021,1042.89,0.4286
4022,986.63,0.4286
4023,877.12,0.4286
4024,720.3,0.4286
4025,524.61,0.4286
4026,300.61,0.4286
4027,60.4,0.4286
4028,0.0,0.0
4029,0.0,0.0
4030,0.0,0.0
4031,0.0,0.0
4032,0.0,0.0
4033,0.0,0.0
4034,0.0,0.0
4035,0.0,0.0
4036,0.0,0.0
4037,0.0,0.0
4038,57.6,0.4286
4039,285.76,0.4286
4040,498.51,0.4286
4041,684.37,0.4286
4042,833.32,0.4286
4043,937.31,0.4286
4044,990.75,0.4286
4045,990.75,0.4286
4046,937.31,0.4286
4047,833.32,0.4286
4048,684.37,0.4286
4049,498.51,0.4286
4050,285.76,0.4286
4051,57.6,0.4286
4052,0.0,0.0
4053,0.0,0.0
4054,0.0,0.0
4055,0.0,0.0
4056,0.0,0.0
4057,0.0,0.0
4058,0.0,0.0
4059,0.0,0.0
4060,0.0,0.0
4061,0.0,0.0
4062,60.82,0.4286
4063,300.95,0.4286
4064,524.86,0.4286
4065,720.46,0.4286
4066,877.21,0.4286
4067,986.66,0.4286
4068,1042.9,0.4286
4069,1042.9,0.4286
4070,986.66,0.4286
4071,877.21,0.4286
4072,720.46,0.4286
4073,524.86,0.4286
4074,300.95,0.4286
4075,60.82,0.4286
4076,0.0,0.0
4077,0.0,0.0
4078,0.0,0.0
4079,0.0,0.0
4080,0.0,0.0
4081,0.0,0.0
4082,0.0,0.0
4083,0.0,0.0
4084,0.0,0.0
4085,0.0,0.0
4086,60.95,0.4286
4087,301.06,0.4286
4088,524.94,0.4286
4089,720.51,0.4286
4090,877.24,0.4286
4091,986.67,0.4286
4092,1042.9,0.4286
4093,1042.9,0.4286
4094,986.67,0.4286
4095,877.24,0.4286
4096,720.51,0.4286
4097,524.94,0.4286
4098,301.06,0.4286
4099,60.95,0.4286
4100,0.0,0.0
4101,0.0,0.0
4102,0.0,0.0
4103,0.0,0.0
4104,0.0,0.0
4105,0.0,0.0
4106,0.0,0.0
4107,0.0,0.0
4108,0.0,0.0
4109,0.0,0.0
4110,61.03,0.4286
4111,301.12,0.4286
4112,524.98,0.4286
4113,720.54,0.4286
4114,877.26,0.4286
4115,986.68,0.4286
4116,1042.9,0.4286
4117,1042.9,0.4286
4118,986.68,0.4286
4119,877.26,0.4286
4120,720.54,0.4286
4121,524.98,0.4286
4122,301.12,0.4286
4123,61.03,0.4286
4124,0.0,0.0
4125,0.0,0.0
4126,0.0,0.0
4127,0.0,0.0
4128,0.0,0.0
4129,0.0,0.0
4130,0.0,0.0
4131,0.0,0.0
4132,0.0,0.0
4133,0.0,0.0
4134,61.05,0.4286
4135,301.14,0.4286
4136,525.0,0.4286
4137,720.55,0.4286
4138,877.26,0.4286
4139,986.68,0.4286
4140,1042.9,0.4286
4141,1042.9,0.4286
4142,986.68,0.4286
4143,877.26,0.4286
4144,720.55,0.4286
4145,525.0,0.4286
4146,301.14,0.4286
4147,61.05,0.4286
4148,0.0,0.0
4149,0.0,0.0
4150,0.0,0.0
4151,0.0,0.0
4152,0.0,0.0
4153,0.0,0.0
4154,0.0,0.0
4155,0.0,0.0
4156,0.0,0.0
4157,0.0,0.0
4158,61.03,0.4286
4159,301.12,0.4286
4160,524.98,0.4286
4161,720.54,0.4286
4162,877.26,0.4286
4163,986.68,0.4286
4164,1042.9,0.4286
4165,1042.9,0.4286
4166,986.68,0.4286
4167,877.26,0.4286
4168,720.54,0.4286
4169,524.98,0.4286
4170,301.12,0.4286
4171,61.03,0.4286
4172,0.0,0.0
4173,0.0,0.0
4174,0.0,0.0
4175,0.0,0.0
4176,0.0,0.0
4177,0.0,0.0
4178,0.0,0.0
4179,0.0,0.0
4180,0.0,0.0
4181,0.0,0.0
4182,60.95,0.4286
4183,301.06,0.4286
4184,524.94,0.4286
4185,720.51,0.4286
4186,877.24,0.4286
4187,986.67,0.4286
4188,1042.9,0.4286
4189,1042.9,0.4286
4190,986.67,0.4286
4191,877.24,0.4286
4192,720.51,0.4286
4193,524.94,0.4286
4194,301.06,0.4286
4195,60.95,0.4286
4196,0.0,0.0
4197,0.0,0.0
4198,0.0,0.0
4199,0.0,0.0
4200,0.0,0.0
4201,0.0,0.0
4202,0.0,0.0
4203,0.0,0.0
4204,0.0,0.0
4205,0.0,0.0
4206,57.78,0.4286
4207,285.91,0.4286
4208,498.62,0.4286
4209,684.44,0.4286
4210,833.35,0.4286
4211,937.33,0.4286
4212,990.75,0.4286
4213,990.75,0.4286
4214,937.33,0.4286
4215,833.35,0.4286
4216,684.44,0.4286
4217,498.62,0.4286
4218,285.91,0.4286
4219,57.78,0.4286
4220,0.0,0.0
4221,0.0,0.0
4222,0.0,0.0
4223,0.0,0.0
4224,0.0,0.0
4225,0.0,0.0
4226,0.0,0.0
4227,0.0,0.0
4228,0.0,0.0
4229,0.0,0.0
4230,60.63,0.4286
4231,300.8,0.4286
4232,524.75,0.4286
4233,720.39,0.4286
4234,877.17,0.4286
4235,986.64,0.4286
4236,1042.9,0.4286
4237,1042.9,0.4286
4238,986.64,0.4286
4239,877.17,0.4286
4240,720.39,0.4286
4241,524.75,0.4286
4242,300.8,0.4286
4243,60.63,0.4286
4244,0.0,0.0
4245,0.0,0.0
4246,0.0,0.0
4247,0.0,0.0
4248,0.0,0.0
4249,0.0,0.0
4250,0.0,0.0
4251,0.0,0.0
4252,0.0,0.0
4253,0.0,0.0
4254,60.4,0.4286
4255,300.61,0.4286
4256,524.61,0.4286
4257,720.3,0.4286
4258,877.12,0.4286
4259,986.63,0.4286
4260,1042.89,0.4286
4261,1042.89,0.4286
4262,986.63,0.4286
4263,877.12,0.4286
4264,720.3,0.4286
4265,524.61,0.4286
4266,300.61,0.4286
4267,60.4,0.4286
4268,0.0,0.0
4269,0.0,0.0
4270,0.0,0.0
4271,0.0,0.0
4272,0.0,0.0
4273,0.0,0.0
4274,0.0,0.0
4275,0.0,0.0
4276,0.0,0.0
4277,0.0,0.0
4278,60.11,0.4286
4279,300.38,0.4286
4280,524.44,0.4286
4281,720.19,0.4286
4282,877.06,0.4286
4283,986.6,0.4286
4284,1042.89,0.4286
4285,1042.89,0.4286
4286,986.6,0.4286
4287,877.06,0.4286
4288,720.19,0.4286
4289,524.44,0.4286
4290,300.38,0.4286
4291,60.11,0.4286
4292,0.0,0.0
4293,0.0,0.0
4294,0.0,0.0
4295,0.0,0.0
4296,0.0,0.0
4297,0.0,0.0
4298,0.0,0.0
4299,0.0,0.0
4300,0.0,0.0
4301,0.0,0.0
4302,59.77,0.4286
4303,300.11,0.4286
4304,524.23,0.4286
4305,720.05,0.4286
4306,876.99,0.4286
4307,986.58,0.4286
4308,1042.89,0.4286
4309,1042.89,0.4286
4310,986.58,0.4286
4311,876.99,0.4286
4312,720.05,0.4286
4313,524.23,0.4286
4314,300.11,0.4286
4315,59.77,0.4286
4316,0.0,0.0
4317,0.0,0.0
4318,0.0,0.0
4319,0.0,0.0
4320,0.0,0.0
4321,0.0,0.0
4322,0.0,0.0
4323,0.0,0.0
4324,0.0,0.0
4325,0.0,0.0
4326,59.38,0.4286
4327,299.79,0.4286
4328,524.0,0.4286
4329,719.9,0.4286
4330,876.91,0.4286
4331,986.55,0.4286
4332,1042.89,0.4286
4333,1042.89,0.4286
4334,986.55,0.4286
4335,876.91,0.4286
4336,719.9,0.4286
4337,524.0,0.4286
4338,299.79,0.4286
4339,59.38,0.4286
4340,0.0,0.0
4341,0.0,0.0
4342,0.0,0.0
4343,0.0,0.0
4344,0.0,0.0
4345,0.0,0.0
4346,0.0,0.0
4347,0.0,0.0
4348,0.0,0.0
4349,0.0,0.0
4350,58.94,0.4286
4351,299.43,0.4286
4352,523.73,0.4286
4353,719.72,0.4286
4354,876.81,0.4286
4355,986.51,0.4286
4356,1042.88,0.4286
4357,1042.88,0.4286
4358,986.51,0.4286
4359,876.81,0.4286
4360,719.72,0.4286
4361,523.73,0.4286
4362,299.43,0.4286
4363,58.94,0.4286
4364,0.0,0.0
4365,0.0,0.0
4366,0.0,0.0
4367,0.0,0.0
4368,0.0,0.0
4369,0.0,0.0
4370,0.0,0.0
4371,0.0,0.0
4372,0.0,0.0
4373,0.0,0.0
4374,55.52,0.4286
4375,284.07,0.4286
4376,497.26,0.4286
4377,683.55,0.4286
4378,832.87,0.4286
4379,937.15,0.4286
4380,990.73,0.4286
4381,990.73,0.4286
4382,937.15,0.4286
4383,832.87,0.4286
4384,683.55,0.4286
4385,497.26,0.4286
4386,284.07,0.4286
4387,55.52,0.4286
4388,0.0,0.0
4389,0.0,0.0
4390,0.0,0.0
4391,0.0,0.0
4392,0.0,0.0
4393,0.0,0.0
4394,0.0,0.0
4395,0.0,0.0
4396,0.0,0.0
4397,0.0,0.0
4398,57.9,0.4286
4399,298.58,0.4286
4400,523.1,0.4286
4401,719.31,0.4286
4402,876.59,0.4286
4403,986.43,0.4286
4404,1042.87,0.4286
4405,1042.87,0.4286
4406,986.43,0.4286
4407,876.59,0.4286
4408,719.31,0.4286
4409,523.1,0.4286
4410,298.58,0.4286
4411,57.9,0.4286
4412,0.0,0.0
4413,0.0,0.0
4414,0.0,0.0
4415,0.0,0.0
4416,0.0,0.0
4417,0.0,0.0
4418,0.0,0.0
4419,0.0,0.0
4420,0.0,0.0
4421,0.0,0.0
4422,57.3,0.4286
4423,298.09,0.4286
4424,522.74,0.4286
4425,719.08,0.4286
4426,876.47,0.4286
4427,986.38,0.4286
4428,1042.87,0.4286
4429,1042.87,0.4286
4430,986.38,0.4286
4431,876.47,0.4286
4432,719.08,0.4286
4433,522.74,0.4286
4434,298.09,0.4286
4435,57.3,0.4286
4436,0.0,0.0
4437,0.0,0.0
4438,0.0,0.0
4439,0.0,0.0
4440,0.0,0.0
4441,0.0,0.0
4442,0.0,0.0
4443,0.0,0.0
4444,0.0,0.0
4445,0.0,0.0
4446,56.65,0.4286
4447,297.56,0.4286
4448,522.35,0.4286
4449,718.82,0.4286
4450,876.33,0.4286
4451,986.33,0.4286
4452,1042.86,0.4286
4453,1042.86,0.4286
4454,986.33,0.4286
4455,876.33,0.4286
4456,718.82,0.4286
4457,522.35,0.4286
4458,297.56,0.4286
4459,56.65,0.4286
4460,0.0,0.0
4461,0.0,0.0
4462,0.0,0.0
4463,0.0,0.0
4464,0.0,0.0
4465,0.0,0.0
4466,0.0,0.0
4467,0.0,0.0
4468,0.0,0.0
4469,0.0,0.0
4470,55.94,0.4286
4471,296.99,0.4286
4472,521.93,0.4286
4473,718.55,0.4286
4474,876.18,0.4286
4475,986.27,0.4286
4476,1042.85,0.4286
4477,1042.85,0.4286
4478,986.27,0.4286
4479,876.18,0.4286
4480,718.55,0.4286
4481,521.93,0.4286
4482,296.99,0.4286
4483,55.94,0.4286
4484,0.0,0.0
4485,0.0,0.0
4486,0.0,0.0
4487,0.0,0.0
4488,0.0,0.0
4489,0.0,0.0
4490,0.0,0.0
4491,0.0,0.0
4492,0.0,0.0
4493,0.0,0.0
4494,55.19,0.4286
4495,296.38,0.4286
4496,521.48,0.4286
4497,718.25,0.4286
4498,876.02,0.4286
4499,986.21,0.4286
4500,1042.85,0.4286
4501,1042.85,0.4286
4502,986.21,0.4286
4503,876.02,0.4286
4504,718.25,0.4286
4505,521.48,0.4286
4506,296.38,0.4286
4507,55.19,0.4286
4508,0.0,0.0
4509,0.0,0.0
4510,0.0,0.0
4511,0.0,0.0
4512,0.0,0.0
4513,0.0,0.0
4514,0.0,0.0
4515,0.0,0.0
4516,0.0,0.0
4517,0.0,0.0
4518,54.38,0.4286
4519,295.72,0.4286
4520,520.99,0.4286
4521,717.93,0.4286
4522,875.85,0.4286
4523,986.15,0.4286
4524,1042.84,0.4286
4525,1042.84,0.4286
4526,986.15,0.4286
4527,875.85,0.4286
4528,717.93,0.4286
4529,520.99,0.4286
4530,295.72,0.4286
4531,54.38,0.4286
4532,0.0,0.0
4533,0.0,0.0
4534,0.0,0.0
4535,0.0,0.0
4536,0.0,0.0
4537,0.0,0.0
4538,0.0,0.0
4539,0.0,0.0
4540,0.0,0.0
4541,0.0,0.0
4542,50.85,0.4286
4543,280.28,0.4286
4544,494.45,0.4286
4545,681.72,0.4286
4546,831.88,0.4286
4547,936.78,0.4286
4548,990.69,0.4286
4549,990.69,0.4286
4550,936.78,0.4286
4551,831.88,0.4286
4552,681.72,0.4286
4553,494.45,0.4286
4554,280.28,0.4286
4555,50.85,0.4286
4556,0.0,0.0
4557,0.0,0.0
4558,0.0,0.0
4559,0.0,0.0
4560,0.0,0.0
4561,0.0,0.0
4562,0.0,0.0
4563,0.0,0.0
4564,0.0,0.0
4565,0.0,0.0
4566,52.62,0.4286
4567,294.29,0.4286
4568,519.93,0.4286
4569,717.24,0.4286
4570,875.47,0.4286
4571,986.01,0.4286
4572,1042.82,0.4286
4573,1042.82,0.4286
4574,986.01,0.4286
4575,875.47,0.4286
4576,717.24,0.4286
4577,519.93,0.4286
4578,294.29,0.4286
4579,52.62,0.4286
4580,0.0,0.0
4581,0.0,0.0
4582,0.0,0.0
4583,0.0,0.0
4584,0.0,0.0
4585,0.0,0.0
4586,0.0,0.0
4587,0.0,0.0
4588,0.0,0.0
4589,0.0,0.0
4590,51.66,0.4286
4591,293.51,0.4286
4592,519.35,0.4286
4593,716.86,0.4286
4594,875.27,0.4286
4595,985.93,0.4286
4596,1042.82,0.4286
4597,1042.82,0.4286
4598,985.93,0.4286
4599,875.27,0.4286
4600,716.86,0.4286
4601,519.35,0.4286
4602,293.51,0.4286
4603,51.66,0.4286
4604,0.0,0.0
4605,0.0,0.0
4606,0.0,0.0
4607,0.0,0.0
4608,0.0,0.0
4609,0.0,0.0
4610,0.0,0.0
4611,0.0,0.0
4612,0.0,0.0
4613,0.0,0.0
4614,50.64,0.4286
4615,292.68,0.4286
4616,518.74,0.4286
4617,716.46,0.4286
4618,875.05,0.4286
4619,985.85,0.4286
4620,1042.81,0.4286
4621,1042.81,0.4286
4622,985.85,0.4286
4623,875.05,0.4286
4624,716.46,0.4286
4625,518.74,0.4286
4626,292.68,0.4286
4627,50.64,0.4286
4628,0.0,0.0
4629,0.0,0.0
4630,0.0,0.0
4631,0.0,0.0
4632,0.0,0.0
4633,0.0,0.0
4634,0.0,0.0
4635,0.0,0.0
4636,0.0,0.0
4637,0.0,0.0
4638,49.58,0.4286
4639,291.82,0.4286
4640,518.1,0.4286
4641,716.04,0.4286
4642,874.83,0.4286
4643,985.77,0.4286
4644,1042.8,0.4286
4645,1042.8,0.4286
4646,985.77,0.4286
4647,874.83,0.4286
4648,716.04,0.4286
4649,518.1,0.4286
4650,291.82,0.4286
4651,49.58,0.4286
4652,0.0,0.0
4653,0.0,0.0
4654,0.0,0.0
4655,0.0,0.0
4656,0.0,0.0
4657,0.0,0.0
4658,0.0,0.0
4659,0.0,0.0
4660,0.0,0.0
4661,0.0,0.0
4662,48.47,0.4286
4663,290.91,0.4286
4664,517.43,0.4286
4665,715.6,0.4286
4666,874.59,0.4286
4667,985.68,0.4286
4668,1042.79,0.4286
4669,1042.79,0.4286
4670,985.68,0.4286
4671,874.59,0.4286
4672,715.6,0.4286
4673,517.43,0.4286
4674,290.91,0.4286
4675,48.47,0.4286
4676,0.0,0.0
4677,0.0,0.0
4678,0.0,0.0
4679,0.0,0.0
4680,0.0,0.0
4681,0.0,0.0
4682,0.0,0.0
4683,0.0,0.0
4684,0.0,0.0
4685,0.0,0.0
4686,47.3,0.4286
4687,289.96,0.4286
4688,516.72,0.4286
4689,715.14,0.4286
4690,874.34,0.4286
4691,985.59,0.4286
4692,1042.78,0.4286
4693,1042.78,0.4286
4694,985.59,0.4286
4695,874.34,0.4286
4696,715.14,0.4286
4697,516.72,0.4286
4698,289.96,0.4286
4699,47.3,0.4286
4700,0.0,0.0
4701,0.0,0.0
4702,0.0,0.0
4703,0.0,0.0
4704,0.0,0.0
4705,0.0,0.0
4706,0.0,0.0
4707,0.0,0.0
4708,0.0,0.0
4709,0.0,0.0
4710,43.78,0.4286
4711,274.52,0.4286
4712,490.19,0.4286
4713,678.93,0.4286
4714,830.38,0.4286
4715,936.21,0.4286
4716,990.63,0.4286
4717,990.63,0.4286
4718,936.21,0.4286
4719,830.38,0.4286
4720,678.93,0.4286
4721,490.19,0.4286
4722,274.52,0.4286
4723,43.78,0.4286
4724,0.0,0.0
4725,0.0,0.0
4726,0.0,0.0
4727,0.0,0.0
4728,0.0,0.0
4729,0.0,0.0
4730,0.0,0.0
4731,0.0,0.0
4732,0.0,0.0
4733,0.0,0.0
4734,44.82,0.4286
4735,287.94,0.4286
4736,515.22,0.4286
4737,714.16,0.4286
4738,873.81,0.4286
4739,985.39,0.4286
4740,1042.75,0.4286
4741,1042.75,0.4286
4742,985.39,0.4286
4743,873.81,0.4286
4744,714.16,0.4286
4745,515.22,0.4286
4746,287.94,0.4286
4747,44.82,0.4286
4748,0.0,0.0
4749,0.0,0.0
4750,0.0,0.0
4751,0.0,0.0
4752,0.0,0.0
4753,0.0,0.0
4754,0.0,0.0
4755,0.0,0.0
4756,0.0,0.0
4757,0.0,0.0
4758,43.5,0.4286
4759,286.87,0.4286
4760,514.43,0.4286
4761,713.64,0.4286
4762,873.53,0.4286
4763,985.28,0.4286
4764,1042.74,0.4286
4765,1042.74,0.4286
4766,985.28,0.4286
4767,873.53,0.4286
4768,713.64,0.4286
4769,514.43,0.4286
4770,286.87,0.4286
4771,43.5,0.4286
4772,0.0,0.0
4773,0.0,0.0
4774,0.0,0.0
4775,0.0,0.0
4776,0.0,0.0
4777,0.0,0.0
4778,0.0,0.0
4779,0.0,0.0
4780,0.0,0.0
4781,0.0,0.0
4782,42.13,0.4286
4783,285.75,0.4286
4784,513.6,0.4286
4785,713.1,0.4286
4786,873.24,0.4286
4787,985.17,0.4286
4788,1042.73,0.4286
4789,1042.73,0.4286
4790,985.17,0.4286
4791,873.24,0.4286
4792,713.1,0.4286
4793,513.6,0.4286
4794,285.75,0.4286
4795,42.13,0.4286
4796,0.0,0.0
4797,0.0,0.0
4798,0.0,0.0
4799,0.0,0.0
4800,0.0,0.0
4801,0.0,0.0
4802,0.0,0.0
4803,0.0,0.0
4804,0.0,0.0
4805,0.0,0.0
4806,40.71,0.4286
4807,284.6,0.4286
4808,512.74,0.4286
4809,712.54,0.4286
4810,872.93,0.4286
4811,985.06,0.4286
4812,1042.72,0.4286
4813,1042.72,0.4286
4814,985.06,0.4286
4815,872.93,0.4286
4816,712.54,0.4286
4817,512.74,0.4286
4818,284.6,0.4286
4819,40.71,0.4286
4820,0.0,0.0
4821,0.0,0.0
4822,0.0,0.0
4823,0.0,0.0
4824,0.0,0.0
4825,0.0,0.0
4826,0.0,0.0
4827,0.0,0.0
4828,0.0,0.0
4829,0.0,0.0
4830,39.24,0.4286
4831,283.4,0.4286
4832,511.86,0.4286
4833,711.96,0.4286
4834,872.62,0.4286
4835,984.94,0.4286
4836,1042.7,0.4286
4837,1042.7,0.4286
4838,984.94,0.4286
4839,872.62,0.4286
4840,711.96,0.4286
4841,511.86,0.4286
4842,283.4,0.4286
4843,39.24,0.4286
4844,0.0,0.0
4845,0.0,0.0
4846,0.0,0.0
4847,0.0,0.0
4848,0.0,0.0
4849,0.0,0.0
4850,0.0,0.0
4851,0.0,0.0
4852,0.0,0.0
4853,0.0,0.0
4854,37.73,0.4286
4855,282.16,0.4286
4856,510.94,0.4286
4857,711.36,0.4286
4858,872.29,0.4286
4859,984.82,0.4286
4860,1042.69,0.4286
4861,1042.69,0.4286
4862,984.82,0.4286
4863,872.29,0.4286
4864,711.36,0.4286
4865,510.94,0.4286
4866,282.16,0.4286
4867,37.73,0.4286
4868,0.0,0.0
4869,0.0,0.0
4870,0.0,0.0
4871,0.0,0.0
4872,0.0,0.0
4873,0.0,0.0
4874,0.0,0.0
4875,0.0,0.0
4876,0.0,0.0
4877,0.0,0.0
4878,34.35,0.4286
4879,266.84,0.4286
4880,484.49,0.4286
4881,675.2,0.4286
4882,828.36,0.4286
4883,935.46,0.4286
4884,990.54,0.4286
4885,990.54,0.4286
4886,935.46,0.4286
4887,828.36,0.4286
4888,675.2,0.4286
4889,484.49,0.4286
4890,266.84,0.4286
4891,34.35,0.4286
4892,0.0,0.0
4893,0.0,0.0
4894,0.0,0.0
4895,0.0,0.0
4896,0.0,0.0
4897,0.0,0.0
4898,0.0,0.0
4899,0.0,0.0
4900,0.0,0.0
4901,0.0,0.0
4902,34.54,0.4286
4903,279.56,0.4286
4904,509.01,0.4286
4905,710.09,0.4286
4906,871.61,0.4286
4907,984.57,0.4286
4908,1042.66,0.4286
4909,1042.66,0.4286
4910,984.57,0.4286
4911,871.61,0.4286
4912,710.09,0.4286
4913,509.01,0.4286
4914,279.56,0.4286
4915,34.54,0.4286
4916,0.0,0.0
4917,0.0,0.0
4918,0.0,0.0
4919,0.0,0.0
4920,0.0,0.0
4921,0.0,0.0
4922,0.0,0.0
4923,0.0,0.0
4924,0.0,0.0
4925,0.0,0.0
4926,32.87,0.4286
4927,278.2,0.4286
4928,508.0,0.4286
4929,709.43,0.4286
4930,871.25,0.4286
4931,984.43,0.4286
4932,1042.65,0.4286
4933,1042.65,0.4286
4934,984.43,0.4286
4935,871.25,0.4286
4936,709.43,0.4286
4937,508.0,0.4286
4938,278.2,0.4286
4939,32.87,0.4286
4940,0.0,0.0
4941,0.0,0.0
4942,0.0,0.0
4943,0.0,0.0
4944,0.0,0.0
4945,0.0,0.0
4946,0.0,0.0
4947,0.0,0.0
4948,0.0,0.0
4949,0.0,0.0
4950,31.16,0.4286
4951,276.8,0.4286
4952,506.96,0.4286
4953,708.75,0.4286
4954,870.88,0.4286
4955,984.29,0.4286
4956,1042.63,0.4286
4957,1042.63,0.4286
4958,984.29,0.4286
4959,870.88,0.4286
4960,708.75,0.4286
4961,506.96,0.4286
4962,276.8,0.4286
4963,31.16,0.4286
4964,0.0,0.0
4965,0.0,0.0
4966,0.0,0.0
4967,0.0,0.0
4968,0.0,0.0
4969,0.0,0.0
4970,0.0,0.0
4971,0.0,0.0
4972,0.0,0.0
4973,0.0,0.0
4974,29.39,0.4286
4975,275.36,0.4286
4976,505.89,0.4286
4977,708.05,0.4286
4978,870.5,0.4286
4979,984.15,0.4286
4980,1042.61,0.4286
4981,1042.61,0.4286
4982,984.15,0.4286
4983,870.5,0.4286
4984,708.05,0.4286
4985,505.89,0.4286
4986,275.36,0.4286
4987,29.39,0.4286
4988,0.0,0.0
4989,0.0,0.0
4990,0.0,0.0
4991,0.0,0.0
4992,0.0,0.0
4993,0.0,0.0
4994,0.0,0.0
4995,0.0,0.0
4996,0.0,0.0
4997,0.0,0.0
4998,27.58,0.4286
4999,273.88,0.4286
5000,504.78,0.4286
5001,707.32,0.4286
5002,870.11,0.4286
5003,984.01,0.4286
5004,1042.6,0.4286
5005,1042.6,0.4286
5006,984.01,0.4286
5007,870.11,0.4286
5008,707.32,0.4286
5009,504.78,0.4286
5010,273.88,0.4286
5011,27.58,0.4286
5012,0.0,0.0
5013,0.0,0.0
5014,0.0,0.0
5015,0.0,0.0
5016,0.0,0.0
5017,0.0,0.0
5018,0.0,0.0
5019,0.0,0.0
5020,0.0,0.0
5021,0.0,0.0
5022,25.71,0.4286
5023,272.35,0.4286
5024,503.65,0.4286
5025,706.58,0.4286
5026,869.71,0.4286
5027,983.86,0.4286
5028,1042.58,0.4286
5029,1042.58,0.4286
5030,983.86,0.4286
5031,869.71,0.4286
5032,706.58,0.4286
5033,503.65,0.4286
5034,272.35,0.4286
5035,25.71,0.4286
5036,0.0,0.0
5037,0.0,0.0
5038,0.0,0.0
5039,0.0,0.0
5040,0.0,0.0
5041,0.0,0.0
5042,0.0,0.0
5043,0.0,0.0
5044,0.0,0.0
5045,0.0,0.0
5046,22.61,0.4286
5047,257.25,0.4286
5048,477.37,0.4286
5049,670.53,0.4286
5050,825.84,0.4286
5051,934.52,0.4286
5052,990.44,0.4286
5053,990.44,0.4286
5054,934.52,0.4286
5055,825.84,0.4286
5056,670.53,0.4286
5057,477.37,0.4286
5058,257.25,0.4286
5059,22.61,0.4286
5060,0.0,0.0
5061,0.0,0.0
5062,0.0,0.0
5063,0.0,0.0
5064,0.0,0.0
5065,0.0,0.0
5066,0.0,0.0
5067,0.0,0.0
5068,0.0,0.0
5069,0.0,0.0
5070,21.84,0.4286
5071,269.19,0.4286
5072,501.3,0.4286
5073,705.04,0.4286
5074,868.88,0.4286
5075,983.54,0.4286
5076,1042.55,0.4286
5077,1042.55,0.4286
5078,983.54,0.4286
5079,868.88,0.4286
5080,705.04,0.4286
5081,501.3,0.4286
5082,269.19,0.4286
5083,21.84,0.4286
5084,0.0,0.0
5085,0.0,0.0
5086,0.0,0.0
5087,0.0,0.0
5088,0.0,0.0
5089,0.0,0.0
5090,0.0,0.0
5091,0.0,0.0
5092,0.0,0.0
5093,0.0,0.0
5094,19.83,0.4286
5095,267.54,0.4286
5096,500.08,0.4286
5097,704.24,0.4286
5098,868.44,0.4286
5099,983.38,0.4286
5100,1042.53,0.4286
5101,1042.53,0.4286
5102,983.38,0.4286
5103,868.44,0.4286
5104,704.24,0.4286
5105,500.08,0.4286
5106,267.54,0.4286
5107,19.83,0.4286
5108,0.0,0.0
5109,0.0,0.0
5110,0.0,0.0
5111,0.0,0.0
5112,0.0,0.0
5113,0.0,0.0
5114,0.0,0.0
5115,0.0,0.0
5116,0.0,0.0
5117,0.0,0.0
5118,17.78,0.4286
5119,265.86,0.4286
5120,498.82,0.4286
5121,703.42,0.4286
5122,868.0,0.4286
5123,983.21,0.4286
5124,1042.51,0.4286
5125,1042.51,0.4286
5126,983.21,0.4286
5127,868.0,0.4286
5128,703.42,0.4286
5129,498.82,0.4286
5130,265.86,0.4286
5131,17.78,0.4286
5132,0.0,0.0
5133,0.0,0.0
5134,0.0,0.0
5135,0.0,0.0
5136,0.0,0.0
5137,0.0,0.0
5138,0.0,0.0
5139,0.0,0.0
5140,0.0,0.0
5141,0.0,0.0
5142,15.67,0.4286
5143,264.14,0.4286
5144,497.54,0.4286
5145,702.57,0.4286
5146,867.54,0.4286
5147,983.04,0.4286
5148,1042.49,0.4286
5149,1042.49,0.4286
5150,983.04,0.4286
5151,867.54,0.4286
5152,702.57,0.4286
5153,497.54,0.4286
5154,264.14,0.4286
5155,15.67,0.4286
5156,0.0,0.0
5157,0.0,0.0
5158,0.0,0.0
5159,0.0,0.0
5160,0.0,0.0
5161,0.0,0.0
5162,0.0,0.0
5163,0.0,0.0
5164,0.0,0.0
5165,0.0,0.0
5166,13.53,0.4286
5167,262.38,0.4286
5168,496.23,0.4286
5169,701.71,0.4286
5170,867.08,0.4286
5171,982.87,0.4286
5172,1042.47,0.4286
5173,1042.47,0.4286
5174,982.87,0.4286
5175,867.08,0.4286
5176,701.71,0.4286
5177,496.23,0.4286
5178,262.38,0.4286
5179,13.53,0.4286
5180,0.0,0.0
5181,0.0,0.0
5182,0.0,0.0
5183,0.0,0.0
5184,0.0,0.0
5185,0.0,0.0
5186,0.0,0.0
5187,0.0,0.0
5188,0.0,0.0
5189,0.0,0.0
5190,11.33,0.4286
5191,260.58,0.4286
5192,494.89,0.4286
5193,700.83,0.4286
5194,866.6,0.4286
5195,982.69,0.4286
5196,1042.45,0.4286
5197,1042.45,0.4286
5198,982.69,0.4286
5199,866.6,0.4286
5200,700.83,0.4286
5201,494.89,0.4286
5202,260.58,0.4286
5203,11.33,0.4286
5204,0.0,0.0
5205,0.0,0.0
5206,0.0,0.0
5207,0.0,0.0
5208,0.0,0.0
5209,0.0,0.0
5210,0.0,0.0
5211,0.0,0.0
5212,0.0,0.0
5213,0.0,0.0
5214,8.63,0.3288
5215,245.8,0.4286
5216,468.84,0.4286
5217,664.94,0.4286
5218,822.81,0.4286
5219,933.38,0.4286
5220,990.31,0.4286
5221,990.31,0.4286
5222,933.38,0.4286
5223,822.81,0.4286
5224,664.94,0.4286
5225,468.84,0.4286
5226,245.8,0.4286
5227,8.63,0.3288
5228,0.0,0.0
5229,0.0,0.0
5230,0.0,0.0
5231,0.0,0.0
5232,0.0,0.0
5233,0.0,0.0
5234,0.0,0.0
5235,0.0,0.0
5236,0.0,0.0
5237,0.0,0.0
5238,6.8,0.2589
5239,256.86,0.4286
5240,492.12,0.4286
5241,699.01,0.4286
5242,865.62,0.4286
5243,982.32,0.4286
5244,1042.41,0.4286
5245,1042.41,0.4286
5246,982.32,0.4286
5247,865.62,0.4286
5248,699.01,0.4286
5249,492.12,0.4286
5250,256.86,0.4286
5251,6.8,0.2589
5252,0.0,0.0
5253,0.0,0.0
5254,0.0,0.0
5255,0.0,0.0
5256,0.0,0.0
5257,0.0,0.0
5258,0.0,0.0
5259,0.0,0.0
5260,0.0,0.0
5261,0.0,0.0
5262,4.46,0.17
5263,254.95,0.4286
5264,490.69,0.4286
5265,698.08,0.4286
5266,865.11,0.4286
5267,982.13,0.4286
5268,1042.39,0.4286
5269,1042.39,0.4286
5270,982.13,0.4286
5271,865.11,0.4286
5272,698.08,0.4286
5273,490.69,0.4286
5274,254.95,0.4286
5275,4.46,0.17
5276,0.0,0.0
5277,0.0,0.0
5278,0.0,0.0
5279,0.0,0.0
5280,0.0,0.0
5281,0.0,0.0
5282,0.0,0.0
5283,0.0,0.0
5284,0.0,0.0
5285,0.0,0.0
5286,2.08,0.0793
5287,252.99,0.4286
5288,489.23,0.4286
5289,697.12,0.4286
5290,864.59,0.4286
5291,981.94,0.4286
5292,1042.36,0.4286
5293,1042.36,0.4286
5294,981.94,0.4286
5295,864.59,0.4286
5296,697.12,0.4286
5297,489.23,0.4286
5298,252.99,0.4286
5299,2.08,0.0793
5300,0.0,0.0
5301,0.0,0.0
5302,0.0,0.0
5303,0.0,0.0
5304,0.0,0.0
5305,0.0,0.0
5306,0.0,0.0
5307,0.0,0.0
5308,0.0,0.0
5309,0.0,0.0
5310,0.0,0.0
5311,251.0,0.4286
5312,487.75,0.4286
5313,696.14,0.4286
5314,864.06,0.4286
5315,981.74,0.4286
5316,1042.34,0.4286
5317,1042.34,0.4286
5318,981.74,0.4286
5319,864.06,0.4286
5320,696.14,0.4286
5321,487.75,0.4286
5322,251.0,0.4286
5323,0.0,0.0
5324,0.0,0.0
5325,0.0,0.0
5326,0.0,0.0
5327,0.0,0.0
5328,0.0,0.0
5329,0.0,0.0
5330,0.0,0.0
5331,0.0,0.0
5332,0.0,0.0
5333,0.0,0.0
5334,0.0,0.0
5335,248.97,0.4286
5336,486.23,0.4286
5337,695.14,0.4286
5338,863.52,0.4286
5339,981.54,0.4286
5340,1042.32,0.4286
5341,1042.32,0.4286
5342,981.54,0.4286
5343,863.52,0.4286
5344,695.14,0.4286
5345,486.23,0.4286
5346,248.97,0.4286
5347,0.0,0.0
5348,0.0,0.0
5349,0.0,0.0
5350,0.0,0.0
5351,0.0,0.0
5352,0.0,0.0
5353,0.0,0.0
5354,0.0,0.0
5355,0.0,0.0
5356,0.0,0.0
5357,0.0,0.0
5358,0.0,0.0
5359,246.9,0.4286
5360,484.69,0.4286
5361,694.13,0.4286
5362,862.97,0.4286
5363,981.33,0.4286
5364,1042.29,0.4286
5365,1042.29,0.4286
5366,981.33,0.4286
5367,862.97,0.4286
5368,694.13,0.4286
5369,484.69,0.4286
5370,246.9,0.4286
5371,0.0,0.0
5372,0.0,0.0
5373,0.0,0.0
5374,0.0,0.0
5375,0.0,0.0
5376,0.0,0.0
5377,0.0,0.0
5378,0.0,0.0
5379,0.0,0.0
5380,0.0,0.0
5381,0.0,0.0
5382,0.0,0.0
5383,232.56,0.4286
5384,458.96,0.4286
5385,658.44,0.4286
5386,819.29,0.4286
5387,932.06,0.4286
5388,990.16,0.4286
5389,990.16,0.4286
5390,932.06,0.4286
5391,819.29,0.4286
5392,658.44,0.4286
5393,458.96,0.4286
5394,232.56,0.4286
5395,0.0,0.0
5396,0.0,0.0
5397,0.0,0.0
5398,0.0,0.0
5399,0.0,0.0
5400,0.0,0.0
5401,0.0,0.0
5402,0.0,0.0
5403,0.0,0.0
5404,0.0,0.0
5405,0.0,0.0
5406,0.0,0.0
5407,242.65,0.4286
5408,481.52,0.4286
5409,692.04,0.4286
5410,861.83,0.4286
5411,980.91,0.4286
5412,1042.25,0.4286
5413,1042.25,0.4286
5414,980.91,0.4286
5415,861.83,0.4286
5416,692.04,0.4286
5417,481.52,0.4286
5418,242.65,0.4286
5419,0.0,0.0
5420,0.0,0.0
5421,0.0,0.0
5422,0.0,0.0
5423,0.0,0.0
5424,0.0,0.0
5425,0.0,0.0
5426,0.0,0.0
5427,0.0,0.0
5428,0.0,0.0
5429,0.0,0.0
5430,0.0,0.0
5431,240.47,0.4286
5432,479.89,0.4286
5433,690.97,0.4286
5434,861.25,0.4286
5435,980.69,0.4286
5436,1042.22,0.4286
5437,1042.22,0.4286
5438,980.69,0.4286
5439,861.25,0.4286
5440,690.97,0.4286
5441,479.89,0.4286
5442,240.47,0.4286
5443,0.0,0.0
5444,0.0,0.0
5445,0.0,0.0
5446,0.0,0.0
5447,0.0,0.0
5448,0.0,0.0
5449,0.0,0.0
5450,0.0,0.0
5451,0.0,0.0
5452,0.0,0.0
5453,0.0,0.0
5454,0.0,0.0
5455,238.26,0.4286
5456,478.23,0.4286
5457,689.88,0.4286
5458,860.66,0.4286
5459,980.47,0.4286
5460,1042.2,0.4286
5461,1042.2,0.4286
5462,980.47,0.4286
5463,860.66,0.4286
5464,689.88,0.4286
5465,478.23,0.4286
5466,238.26,0.4286
5467,0.0,0.0
5468,0.0,0.0
5469,0.0,0.0
5470,0.0,0.0
5471,0.0,0.0
5472,0.0,0.0
5473,0.0,0.0
5474,0.0,0.0
5475,0.0,0.0
5476,0.0,0.0
5477,0.0,0.0
5478,0.0,0.0
5479,236.01,0.4286
5480,476.55,0.4286
5481,688.77,0.4286
5482,860.06,0.4286
5483,980.24,0.4286
5484,1042.17,0.4286
5485,1042.17,0.4286
5486,980.24,0.4286
5487,860.06,0.4286
5488,688.77,0.4286
5489,476.55,0.4286
5490,236.01,0.4286
5491,0.0,0.0
5492,0.0,0.0
5493,0.0,0.0
5494,0.0,0.0
5495,0.0,0.0
5496,0.0,0.0
5497,0.0,0.0
5498,0.0,0.0
5499,0.0,0.0
5500,0.0,0.0
5501,0.0,0.0
5502,0.0,0.0
5503,233.72,0.4286
5504,474.84,0.4286
5505,687.64,0.4286
5506,859.45,0.4286
5507,980.01,0.4286
5508,1042.15,0.4286
5509,1042.15,0.4286
5510,980.01,0.4286
5511,859.45,0.4286
5512,687.64,0.4286
5513,474.84,0.4286
5514,233.72,0.4286
5515,0.0,0.0
5516,0.0,0.0
5517,0.0,0.0
5518,0.0,0.0
5519,0.0,0.0
5520,0.0,0.0
5521,0.0,0.0
5522,0.0,0.0
5523,0.0,0.0
5524,0.0,0.0
5525,0.0,0.0
5526,0.0,0.0
5527,231.4,0.4286
5528,473.1,0.4286
5529,686.49,0.4286
5530,858.82,0.4286
5531,979.78,0.4286
5532,1042.12,0.4286
5533,1042.12,0.4286
5534,979.78,0.4286
5535,858.82,0.4286
5536,686.49,0.4286
5537,473.1,0.4286
5538,231.4,0.4286
5539,0.0,0.0
5540,0.0,0.0
5541,0.0,0.0
5542,0.0,0.0
5543,0.0,0.0
5544,0.0,0.0
5545,0.0,0.0
5546,0.0,0.0
5547,0.0,0.0
5548,0.0,0.0
5549,0.0,0.0
5550,0.0,0.0
5551,217.59,0.4286
5552,447.77,0.4286
5553,651.06,0.4286
5554,815.28,0.4286
5555,930.56,0.4286
5556,989.99,0.4286
5557,989.99,0.4286
5558,930.56,0.4286
5559,815.28,0.4286
5560,651.06,0.4286
5561,447.77,0.4286
5562,217.59,0.4286
5563,0.0,0.0
5564,0.0,0.0
5565,0.0,0.0
5566,0.0,0.0
5567,0.0,0.0
5568,0.0,0.0
5569,0.0,0.0
5570,0.0,0.0
5571,0.0,0.0
5572,0.0,0.0
5573,0.0,0.0
5574,0.0,0.0
5575,226.65,0.4286
5576,469.54,0.4286
5577,684.15,0.4286
5578,857.55,0.4286
5579,979.3,0.4286
5580,1042.06,0.4286
5581,1042.06,0.4286
5582,979.3,0.4286
5583,857.55,0.4286
5584,684.15,0.4286
5585,469.54,0.4286
5586,226.65,0.4286
5587,0.0,0.0
5588,0.0,0.0
5589,0.0,0.0
5590,0.0,0.0
5591,0.0,0.0
5592,0.0,0.0
5593,0.0,0.0
5594,0.0,0.0
5595,0.0,0.0
5596,0.0,0.0
5597,0.0,0.0
5598,0.0,0.0
5599,224.22,0.4286
5600,467.72,0.4286
5601,682.95,0.4286
5602,856.9,0.4286
5603,979.05,0.4286
5604,1042.04,0.4286
5605,1042.04,0.4286
5606,979.05,0.4286
5607,856.9,0.4286
5608,682.95,0.4286
5609,467.72,0.4286
5610,224.22,0.4286
5611,0.0,0.0
5612,0.0,0.0
5613,0.0,0.0
5614,0.0,0.0
5615,0.0,0.0
5616,0.0,0.0
5617,0.0,0.0
5618,0.0,0.0
5619,0.0,0.0
5620,0.0,0.0
5621,0.0,0.0
5622,0.0,0.0
5623,221.76,0.4286
5624,465.87,0.4286
5625,681.73,0.4286
5626,856.24,0.4286
5627,978.81,0.4286
5628,1042.01,0.4286
5629,1042.01,0.4286
5630,978.81,0.4286
5631,856.24,0.4286
5632,681.73,0.4286
5633,465.87,0.4286
5634,221.76,0.4286
5635,0.0,0.0
5636,0.0,0.0
5637,0.0,0.0
5638,0.0,0.0
5639,0.0,0.0
5640,0.0,0.0
5641,0.0,0.0
5642,0.0,0.0
5643,0.0,0.0
5644,0.0,0.0
5645,0.0,0.0
5646,0.0,0.0
5647,219.27,0.4286
5648,464.0,0.4286
5649,680.49,0.4286
5650,855.56,0.4286
5651,978.55,0.4286
5652,1041.98,0.4286
5653,1041.98,0.4286
5654,978.55,0.4286
5655,855.56,0.4286
5656,680.49,0.4286
5657,464.0,0.4286
5658,219.27,0.4286
5659,0.0,0.0
5660,0.0,0.0
5661,0.0,0.0
5662,0.0,0.0
5663,0.0,0.0
5664,0.0,0.0
5665,0.0,0.0
5666,0.0,0.0
5667,0.0,0.0
5668,0.0,0.0
5669,0.0,0.0
5670,0.0,0.0
5671,216.74,0.4286
5672,462.11,0.4286
5673,679.24,0.4286
5674,854.88,0.4286
5675,978.3,0.4286
5676,1041.95,0.4286
5677,1041.95,0.4286
5678,978.3,0.4286
5679,854.88,0.4286
5680,679.24,0.4286
5681,462.11,0.4286
5682,216.74,0.4286
5683,0.0,0.0
5684,0.0,0.0
5685,0.0,0.0
5686,0.0,0.0
5687,0.0,0.0
5688,0.0,0.0
5689,0.0,0.0
5690,0.0,0.0
5691,0.0,0.0
5692,0.0,0.0
5693,0.0,0.0
5694,0.0,0.0
5695,214.18,0.4286
5696,460.18,0.4286
5697,677.97,0.4286
5698,854.19,0.4286
5699,978.04,0.4286
5700,1041.92,0.4286
5701,1041.92,0.4286
5702,978.04,0.4286
5703,854.19,0.4286
5704,677.97,0.4286
5705,460.18,0.4286
5706,214.18,0.4286
5707,0.0,0.0
5708,0.0,0.0
5709,0.0,0.0
5710,0.0,0.0
5711,0.0,0.0
5712,0.0,0.0
5713,0.0,0.0
5714,0.0,0.0
5715,0.0,0.0
5716,0.0,0.0
5717,0.0,0.0
5718,0.0,0.0
5719,201.01,0.4286
5720,435.32,0.4286
5721,642.85,0.4286
5722,810.82,0.4286
5723,928.89,0.4286
5724,989.8,0.4286
5725,989.8,0.4286
5726,928.89,0.4286
5727,810.82,0.4286
5728,642.85,0.4286
5729,435.32,0.4286
5730,201.01,0.4286
5731,0.0,0.0
5732,0.0,0.0
5733,0.0,0.0
5734,0.0,0.0
5735,0.0,0.0
5736,0.0,0.0
5737,0.0,0.0
5738,0.0,0.0
5739,0.0,0.0
5740,0.0,0.0
5741,0.0,0.0
5742,0.0,0.0
5743,208.96,0.4286
5744,456.26,0.4286
5745,675.38,0.4286
5746,852.78,0.4286
5747,977.51,0.4286
5748,1041.86,0.4286
5749,1041.86,0.4286
5750,977.51,0.4286
5751,852.78,0.4286
5752,675.38,0.4286
5753,456.26,0.4286
5754,208.96,0.4286
5755,0.0,0.0
5756,0.0,0.0
5757,0.0,0.0
5758,0.0,0.0
5759,0.0,0.0
5760,0.0,0.0
5761,0.0,0.0
5762,0.0,0.0
5763,0.0,0.0
5764,0.0,0.0
5765,0.0,0.0
5766,0.0,0.0
5767,206.31,0.4286
5768,454.27,0.4286
5769,674.06,0.4286
5770,852.06,0.4286
5771,977.24,0.4286
5772,1041.83,0.4286
5773,1041.83,0.4286
5774,977.24,0.4286
5775,852.06,0.4286
5776,674.06,0.4286
5777,454.27,0.4286
5778,206.31,0.4286
5779,0.0,0.0
5780,0.0,0.0
5781,0.0,0.0
5782,0.0,0.0
5783,0.0,0.0
5784,0.0,0.0
5785,0.0,0.0
5786,0.0,0.0
5787,0.0,0.0
5788,0.0,0.0
5789,0.0,0.0
5790,0.0,0.0
5791,203.62,0.4286
5792,452.24,0.4286
5793,672.72,0.4286
5794,851.33,0.4286
5795,976.97,0.4286
5796,1041.8,0.4286
5797,1041.8,0.4286
5798,976.97,0.4286
5799,851.33,0.4286
5800,672.72,0.4286
5801,452.24,0.4286
5802,203.62,0.4286
5803,0.0,0.0
5804,0.0,0.0
5805,0.0,0.0
5806,0.0,0.0
5807,0.0,0.0
5808,0.0,0.0
5809,0.0,0.0
5810,0.0,0.0
5811,0.0,0.0
5812,0.0,0.0
5813,0.0,0.0
5814,0.0,0.0
5815,200.91,0.4286
5816,450.2,0.4286
5817,671.37,0.4286
5818,850.6,0.4286
5819,976.69,0.4286
5820,1041.77,0.4286
5821,1041.77,0.4286
5822,976.69,0.4286
5823,850.6,0.4286
5824,671.37,0.4286
5825,450.2,0.4286
5826,200.91,0.4286
5827,0.0,0.0
5828,0.0,0.0
5829,0.0,0.0
5830,0.0,0.0
5831,0.0,0.0
5832,0.0,0.0
5833,0.0,0.0
5834,0.0,0.0
5835,0.0,0.0
5836,0.0,0.0
5837,0.0,0.0
5838,0.0,0.0
5839,198.16,0.4286
5840,448.13,0.4286
5841,670.0,0.4286
5842,849.85,0.4286
5843,976.41,0.4286
5844,1041.74,0.4286
5845,1041.74,0.4286
5846,976.41,0.4286
5847,849.85,0.4286
5848,670.0,0.4286
5849,448.13,0.4286
5850,198.16,0.4286
5851,0.0,0.0
5852,0.0,0.0
5853,0.0,0.0
5854,0.0,0.0
5855,0.0,0.0
5856,0.0,0.0
5857,0.0,0.0
5858,0.0,0.0
5859,0.0,0.0
5860,0.0,0.0
5861,0.0,0.0
5862,0.0,0.0
5863,195.38,0.4286
5864,446.04,0.4286
5865,668.61,0.4286
5866,849.1,0.4286
5867,976.13,0.4286
5868,1041.7,0.4286
5869,1041.7,0.4286
5870,976.13,0.4286
5871,849.1,0.4286
5872,668.61,0.4286
5873,446.04,0.4286
5874,195.38,0.4286
5875,0.0,0.0
5876,0.0,0.0
5877,0.0,0.0
5878,0.0,0.0
5879,0.0,0.0
5880,0.0,0.0
5881,0.0,0.0
5882,0.0,0.0
5883,0.0,0.0
5884,0.0,0.0
5885,0.0,0.0
5886,0.0,0.0
5887,182.95,0.4286
5888,421.73,0.4286
5889,633.85,0.4286
5890,805.91,0.4286
5891,927.05,0.4286
5892,989.59,0.4286
5893,989.59,0.4286
5894,927.05,0.4286
5895,805.91,0.4286
5896,633.85,0.4286
5897,421.73,0.4286
5898,182.95,0.4286
5899,0.0,0.0
5900,0.0,0.0
5901,0.0,0.0
5902,0.0,0.0
5903,0.0,0.0
5904,0.0,0.0
5905,0.0,0.0
5906,0.0,0.0
5907,0.0,0.0
5908,0.0,0.0
5909,0.0,0.0
5910,0.0,0.0
5911,189.74,0.4286
5912,441.78,0.4286
5913,665.79,0.4286
5914,847.56,0.4286
5915,975.55,0.4286
5916,1041.64,0.4286
5917,1041.64,0.4286
5918,975.55,0.4286
5919,847.56,0.4286
5920,665.79,0.4286
5921,441.78,0.4286
5922,189.74,0.4286
5923,0.0,0.0
5924,0.0,0.0
5925,0.0,0.0
5926,0.0,0.0
5927,0.0,0.0
5928,0.0,0.0
5929,0.0,0.0
5930,0.0,0.0
5931,0.0,0.0
5932,0.0,0.0
5933,0.0,0.0
5934,0.0,0.0
5935,186.88,0.4286
5936,439.62,0.4286
5937,664.36,0.4286
5938,846.78,0.4286
5939,975.25,0.4286
5940,1041.61,0.4286
5941,1041.61,0.4286
5942,975.25,0.4286
5943,846.78,0.4286
5944,664.36,0.4286
5945,439.62,0.4286
5946,186.88,0.4286
5947,0.0,0.0
5948,0.0,0.0
5949,0.0,0.0
5950,0.0,0.0
5951,0.0,0.0
5952,0.0,0.0
5953,0.0,0.0
5954,0.0,0.0
5955,0.0,0.0
5956,0.0,0.0
5957,0.0,0.0
5958,0.0,0.0
5959,183.99,0.4286
5960,437.44,0.4286
5961,662.91,0.4286
5962,845.99,0.4286
5963,974.96,0.4286
5964,1041.57,0.4286
5965,1041.57,0.4286
5966,974.96,0.4286
5967,845.99,0.4286
5968,662.91,0.4286
5969,437.44,0.4286
5970,183.99,0.4286
5971,0.0,0.0
5972,0.0,0.0
5973,0.0,0.0
5974,0.0,0.0
5975,0.0,0.0
5976,0.0,0.0
5977,0.0,0.0
5978,0.0,0.0
5979,0.0,0.0
5980,0.0,0.0
5981,0.0,0.0
5982,0.0,0.0
5983,181.08,0.4286
5984,435.24,0.4286
5985,661.45,0.4286
5986,845.19,0.4286
5987,974.66,0.4286
5988,1041.54,0.4286
5989,1041.54,0.4286
5990,974.66,0.4286
5991,845.19,0.4286
5992,661.45,0.4286
5993,435.24,0.4286
5994,181.08,0.4286
5995,0.0,0.0
5996,0.0,0.0
5997,0.0,0.0
5998,0.0,0.0
5999,0.0,0.0
6000,0.0,0.0
6001,0.0,0.0
6002,0.0,0.0
6003,0.0,0.0
6004,0.0,0.0
6005,0.0,0.0
6006,0.0,0.0
6007,178.14,0.4286
6008,433.02,0.4286
6009,659.98,0.4286
6010,844.39,0.4286
6011,974.35,0.4286
6012,1041.5,0.4286
6013,1041.5,0.4286
6014,974.35,0.4286
6015,844.39,0.4286
6016,659.98,0.4286
6017,433.02,0.4286
6018,178.14,0.4286
6019,0.0,0.0
6020,0.0,0.0
6021,0.0,0.0
6022,0.0,0.0
6023,0.0,0.0
6024,0.0,0.0
6025,0.0,0.0
6026,0.0,0.0
6027,0.0,0.0
6028,0.0,0.0
6029,0.0,0.0
6030,0.0,0.0
6031,175.17,0.4286
6032,430.77,0.4286
6033,658.49,0.4286
6034,843.57,0.4286
6035,974.05,0.4286
6036,1041.47,0.4286
6037,1041.47,0.4286
6038,974.05,0.4286
6039,843.57,0.4286
6040,658.49,0.4286
6041,430.77,0.4286
6042,175.17,0.4286
6043,0.0,0.0
6044,0.0,0.0
6045,0.0,0.0
6046,0.0,0.0
6047,0.0,0.0
6048,0.0,0.0
6049,0.0,0.0
6050,0.0,0.0
6051,0.0,0.0
6052,0.0,0.0
6053,0.0,0.0
6054,0.0,0.0
6055,163.57,0.4286
6056,407.08,0.4286
6057,624.13,0.4286
6058,800.61,0.4286
6059,925.05,0.4286
6060,989.36,0.4286
6061,989.36,0.4286
6062,925.05,0.4286
6063,800.61,0.4286
6064,624.13,0.4286
6065,407.08,0.4286
6066,163.57,0.4286
6067,0.0,0.0
6068,0.0,0.0
6069,0.0,0.0
6070,0.0,0.0
6071,0.0,0.0
6072,0.0,0.0
6073,0.0,0.0
6074,0.0,0.0
6075,0.0,0.0
6076,0.0,0.0
6077,0.0,0.0
6078,0.0,0.0
6079,169.17,0.4286
6080,426.22,0.4286
6081,655.46,0.4286
6082,841.92,0.4286
6083,973.43,0.4286
6084,1041.4,0.4286
6085,1041.4,0.4286
6086,973.43,0.4286
6087,841.92,0.4286
6088,655.46,0.4286
6089,426.22,0.4286
6090,169.17,0.4286
6091,0.0,0.0
6092,0.0,0.0
6093,0.0,0.0
6094,0.0,0.0
6095,0.0,0.0
6096,0.0,0.0
6097,0.0,0.0
6098,0.0,0.0
6099,0.0,0.0
6100,0.0,0.0
6101,0.0,0.0
6102,0.0,0.0
6103,166.13,0.4286
6104,423.92,0.4286
6105,653.93,0.4286
6106,841.08,0.4286
6107,973.11,0.4286
6108,1041.36,0.4286
6109,1041.36,0.4286
6110,973.11,0.4286
6111,841.08,0.4286
6112,653.93,0.4286
6113,423.92,0.4286
6114,166.13,0.4286
6115,0.0,0.0
6116,0.0,0.0
6117,0.0,0.0
6118,0.0,0.0
6119,0.0,0.0
6120,0.0,0.0
6121,0.0,0.0
6122,0.0,0.0
6123,0.0,0.0
6124,0.0,0.0
6125,0.0,0.0
6126,0.0,0.0
6127,163.07,0.4286
6128,421.6,0.4286
6129,652.39,0.4286
6130,840.24,0.4286
6131,972.79,0.4286
6132,1041.33,0.4286
6133,1041.33,0.4286
6134,972.79,0.4286
6135,840.24,0.4286
6136,652.39,0.4286
6137,421.6,0.4286
6138,163.07,0.4286
6139,0.0,0.0
6140,0.0,0.0
6141,0.0,0.0
6142,0.0,0.0
6143,0.0,0.0
6144,0.0,0.0
6145,0.0,0.0
6146,0.0,0.0
6147,0.0,0.0
6148,0.0,0.0
6149,0.0,0.0
6150,0.0,0.0
6151,159.98,0.4286
6152,419.26,0.4286
6153,650.83,0.4286
6154,839.39,0.4286
6155,972.47,0.4286
6156,1041.29,0.4286
6157,1041.29,0.4286
6158,972.47,0.4286
6159,839.39,0.4286
6160,650.83,0.4286
6161,419.26,0.4286
6162,159.98,0.4286
6163,0.0,0.0
6164,0.0,0.0
6165,0.0,0.0
6166,0.0,0.0
6167,0.0,0.0
6168,0.0,0.0
6169,0.0,0.0
6170,0.0,0.0
6171,0.0,0.0
6172,0.0,0.0
6173,0.0,0.0
6174,0.0,0.0
6175,156.88,0.4286
6176,416.9,0.4286
6177,649.26,0.4286
6178,838.53,0.4286
6179,972.15,0.4286
6180,1041.25,0.4286
6181,1041.25,0.4286
6182,972.15,0.4286
6183,838.53,0.4286
6184,649.26,0.4286
6185,416.9,0.4286
6186,156.88,0.4286
6187,0.0,0.0
6188,0.0,0.0
6189,0.0,0.0
6190,0.0,0.0
6191,0.0,0.0
6192,0.0,0.0
6193,0.0,0.0
6194,0.0,0.0
6195,0.0,0.0
6196,0.0,0.0
6197,0.0,0.0
6198,0.0,0.0
6199,153.76,0.4286
6200,414.53,0.4286
6201,647.68,0.4286
6202,837.67,0.4286
6203,971.82,0.4286
6204,1041.22,0.4286
6205,1041.22,0.4286
6206,971.82,0.4286
6207,837.67,0.4286
6208,647.68,0.4286
6209,414.53,0.4286
6210,153.76,0.4286
6211,0.0,0.0
6212,0.0,0.0
6213,0.0,0.0
6214,0.0,0.0
6215,0.0,0.0
6216,0.0,0.0
6217,0.0,0.0
6218,0.0,0.0
6219,0.0,0.0
6220,0.0,0.0
6221,0.0,0.0
6222,0.0,0.0
6223,143.08,0.4286
6224,391.53,0.4286
6225,613.78,0.4286
6226,794.95,0.4286
6227,922.92,0.4286
6228,989.12,0.4286
6229,989.12,0.4286
6230,922.92,0.4286
6231,794.95,0.4286
6232,613.78,0.4286
6233,391.53,0.4286
6234,143.08,0.4286
6235,0.0,0.0
6236,0.0,0.0
6237,0.0,0.0
6238,0.0,0.0
6239,0.0,0.0
6240,0.0,0.0
6241,0.0,0.0
6242,0.0,0.0
6243,0.0,0.0
6244,0.0,0.0
6245,0.0,0.0
6246,0.0,0.0
6247,147.45,0.4286
6248,409.74,0.4286
6249,644.48,0.4286
6250,835.92,0.4286
6251,971.17,0.4286
6252,1041.14,0.4286
6253,1041.14,0.4286
6254,971.17,0.4286
6255,835.92,0.4286
6256,644.48,0.4286
6257,409.74,0.4286
6258,147.45,0.4286
6259,0.0,0.0
6260,0.0,0.0
6261,0.0,0.0
6262,0.0,0.0
6263,0.0,0.0
6264,0.0,0.0
6265,0.0,0.0
6266,0.0,0.0
6267,0.0,0.0
6268,0.0,0.0
6269,0.0,0.0
6270,0.0,0.0
6271,144.27,0.4286
6272,407.32,0.4286
6273,642.87,0.4286
6274,835.03,0.4286
6275,970.83,0.4286
6276,1041.1,0.4286
6277,1041.1,0.4286
6278,970.83,0.4286
6279,835.03,0.4286
6280,642.87,0.4286
6281,407.32,0.4286
6282,144.27,0.4286
6283,0.0,0.0
6284,0.0,0.0
6285,0.0,0.0
6286,0.0,0.0
6287,0.0,0.0
6288,0.0,0.0
6289,0.0,0.0
6290,0.0,0.0
6291,0.0,0.0
6292,0.0,0.0
6293,0.0,0.0
6294,0.0,0.0
6295,141.07,0.4286
6296,404.88,0.4286
6297,641.24,0.4286
6298,834.14,0.4286
6299,970.5,0.4286
6300,1041.07,0.4286
6301,1041.07,0.4286
6302,970.5,0.4286
6303,834.14,0.4286
6304,641.24,0.4286
6305,404.88,0.4286
6306,141.07,0.4286
6307,0.0,0.0
6308,0.0,0.0
6309,0.0,0.0
6310,0.0,0.0
6311,0.0,0.0
6312,0.0,0.0
6313,0.0,0.0
6314,0.0,0.0
6315,0.0,0.0
6316,0.0,0.0
6317,0.0,0.0
6318,0.0,0.0
6319,137.86,0.4286
6320,402.43,0.4286
6321,639.61,0.4286
6322,833.25,0.4286
6323,970.16,0.4286
6324,1041.03,0.4286
6325,1041.03,0.4286
6326,970.16,0.4286
6327,833.25,0.4286
6328,639.61,0.4286
6329,402.43,0.4286
6330,137.86,0.4286
6331,0.0,0.0
6332,0.0,0.0
6333,0.0,0.0
6334,0.0,0.0
6335,0.0,0.0
6336,0.0,0.0
6337,0.0,0.0
6338,0.0,0.0
6339,0.0,0.0
6340,0.0,0.0
6341,0.0,0.0
6342,0.0,0.0
6343,134.63,0.4286
6344,399.97,0.4286
6345,637.97,0.4286
6346,832.34,0.4286
6347,969.82,0.4286
6348,1040.99,0.4286
6349,1040.99,0.4286
6350,969.82,0.4286
6351,832.34,0.4286
6352,637.97,0.4286
6353,399.97,0.4286
6354,134.63,0.4286
6355,0.0,0.0
6356,0.0,0.0
6357,0.0,0.0
6358,0.0,0.0
6359,0.0,0.0
6360,0.0,0.0
6361,0.0,0.0
6362,0.0,0.0
6363,0.0,0.0
6364,0.0,0.0
6365,0.0,0.0
6366,0.0,0.0
6367,131.39,0.4286
6368,397.49,0.4286
6369,636.31,0.4286
6370,831.44,0.4286
6371,969.48,0.4286
6372,1040.95,0.4286
6373,1040.95,0.4286
6374,969.48,0.4286
6375,831.44,0.4286
6376,636.31,0.4286
6377,397.49,0.4286
6378,131.39,0.4286
6379,0.0,0.0
6380,0.0,0.0
6381,0.0,0.0
6382,0.0,0.0
6383,0.0,0.0
6384,0.0,0.0
6385,0.0,0.0
6386,0.0,0.0
6387,0.0,0.0
6388,0.0,0.0
6389,0.0,0.0
6390,0.0,0.0
6391,121.72,0.4286
6392,375.26,0.4286
6393,602.92,0.4286
6394,789.0,0.4286
6395,920.68,0.4286
6396,988.86,0.4286
6397,988.86,0.4286
6398,920.68,0.4286
6399,789.0,0.4286
6400,602.92,0.4286
6401,375.26,0.4286
6402,121.72,0.4286
6403,0.0,0.0
6404,0.0,0.0
6405,0.0,0.0
6406,0.0,0.0
6407,0.0,0.0
6408,0.0,0.0
6409,0.0,0.0
6410,0.0,0.0
6411,0.0,0.0
6412,0.0,0.0
6413,0.0,0.0
6414,0.0,0.0
6415,124.86,0.4286
6416,392.51,0.4286
6417,632.98,0.4286
6418,829.61,0.4286
6419,968.79,0.4286
6420,1040.87,0.4286
6421,1040.87,0.4286
6422,968.79,0.4286
6423,829.61,0.4286
6424,632.98,0.4286
6425,392.51,0.4286
6426,124.86,0.4286
6427,0.0,0.0
6428,0.0,0.0
6429,0.0,0.0
6430,0.0,0.0
6431,0.0,0.0
6432,0.0,0.0
6433,0.0,0.0
6434,0.0,0.0
6435,0.0,0.0
6436,0.0,0.0
6437,0.0,0.0
6438,0.0,0.0
6439,121.58,0.4286
6440,390.0,0.4286
6441,631.3,0.4286
6442,828.69,0.4286
6443,968.44,0.4286
6444,1040.83,0.4286
6445,1040.83,0.4286
6446,968.44,0.4286
6447,828.69,0.4286
6448,631.3,0.4286
6449,390.0,0.4286
6450,121.58,0.4286
6451,0.0,0.0
6452,0.0,0.0
6453,0.0,0.0
6454,0.0,0.0
6455,0.0,0.0
6456,0.0,0.0
6457,0.0,0.0
6458,0.0,0.0
6459,0.0,0.0
6460,0.0,0.0
6461,0.0,0.0
6462,0.0,0.0
6463,118.28,0.4286
6464,387.48,0.4286
6465,629.61,0.4286
6466,827.76,0.4286
6467,968.09,0.4286
6468,1040.79,0.4286
6469,1040.79,0.4286
6470,968.09,0.4286
6471,827.76,0.4286
6472,629.61,0.4286
6473,387.48,0.4286
6474,118.28,0.4286
6475,0.0,0.0
6476,0.0,0.0
6477,0.0,0.0
6478,0.0,0.0
6479,0.0,0.0
6480,0.0,0.0
6481,0.0,0.0
6482,0.0,0.0
6483,0.0,0.0
6484,0.0,0.0
6485,0.0,0.0
6486,0.0,0.0
6487,114.98,0.4286
6488,384.95,0.4286
6489,627.92,0.4286
6490,826.83,0.4286
6491,967.74,0.4286
6492,1040.75,0.4286
6493,1040.75,0.4286
6494,967.74,0.4286
6495,826.83,0.4286
6496,627.92,0.4286
6497,384.95,0.4286
6498,114.98,0.4286
6499,0.0,0.0
6500,0.0,0.0
6501,0.0,0.0
6502,0.0,0.0
6503,0.0,0.0
6504,0.0,0.0
6505,0.0,0.0
6506,0.0,0.0
6507,0.0,0.0
6508,0.0,0.0
6509,0.0,0.0
6510,0.0,0.0
6511,111.67,0.4286
6512,382.42,0.4286
6513,626.22,0.4286
6514,825.9,0.4286
6515,967.38,0.4286
6516,1040.71,0.4286
6517,1040.71,0.4286
6518,967.38,0.4286
6519,825.9,0.4286
6520,626.22,0.4286
6521,382.42,0.4286
6522,111.67,0.4286
6523,0.0,0.0
6524,0.0,0.0
6525,0.0,0.0
6526,0.0,0.0
6527,0.0,0.0
6528,0.0,0.0
6529,0.0,0.0
6530,0.0,0.0
6531,0.0,0.0
6532,0.0,0.0
6533,0.0,0.0
6534,0.0,0.0
6535,108.35,0.4286
6536,379.87,0.4286
6537,624.51,0.4286
6538,824.96,0.4286
6539,967.03,0.4286
6540,1040.67,0.4286
6541,1040.67,0.4286
6542,967.03,0.4286
6543,824.96,0.4286
6544,624.51,0.4286
6545,379.87,0.4286
6546,108.35,0.4286
6547,0.0,0.0
6548,0.0,0.0
6549,0.0,0.0
6550,0.0,0.0
6551,0.0,0.0
6552,0.0,0.0
6553,0.0,0.0
6554,0.0,0.0
6555,0.0,0.0
6556,0.0,0.0
6557,0.0,0.0
6558,0.0,0.0
6559,99.77,0.4286
6560,358.45,0.4286
6561,591.66,0.4286
6562,782.82,0.4286
6563,918.34,0.4286
6564,988.6,0.4286
6565,988.6,0.4286
6566,918.34,0.4286
6567,782.82,0.4286
6568,591.66,0.4286
6569,358.45,0.4286
6570,99.77,0.4286
6571,0.0,0.0
6572,0.0,0.0
6573,0.0,0.0
6574,0.0,0.0
6575,0.0,0.0
6576,0.0,0.0
6577,0.0,0.0
6578,0.0,0.0
6579,0.0,0.0
6580,0.0,0.0
6581,0.0,0.0
6582,0.0,0.0
6583,101.69,0.4286
6584,374.76,0.4286
6585,621.08,0.4286
6586,823.07,0.4286
6587,966.32,0.4286
6588,1040.59,0.4286
6589,1040.59,0.4286
6590,966.32,0.4286
6591,823.07,0.4286
6592,621.08,0.4286
6593,374.76,0.4286
6594,101.69,0.4286
6595,0.0,0.0
6596,0.0,0.0
6597,0.0,0.0
6598,0.0,0.0
6599,0.0,0.0
6600,0.0,0.0
6601,0.0,0.0
6602,0.0,0.0
6603,0.0,0.0
6604,0.0,0.0
6605,0.0,0.0
6606,0.0,0.0
6607,98.36,0.4286
6608,372.2,0.4286
6609,619.36,0.4286
6610,822.13,0.4286
6611,965.96,0.4286
6612,1040.55,0.4286
6613,1040.55,0.4286
6614,965.96,0.4286
6615,822.13,0.4286
6616,619.36,0.4286
6617,372.2,0.4286
6618,98.36,0.4286
6619,0.0,0.0
6620,0.0,0.0
6621,0.0,0.0
6622,0.0,0.0
6623,0.0,0.0
6624,0.0,0.0
6625,0.0,0.0
6626,0.0,0.0
6627,0.0,0.0
6628,0.0,0.0
6629,0.0,0.0
6630,0.0,0.0
6631,95.02,0.4286
6632,369.63,0.4286
6633,617.64,0.4286
6634,821.18,0.4286
6635,965.6,0.4286
6636,1040.51,0.4286
6637,1040.51,0.4286
6638,965.6,0.4286
6639,821.18,0.4286
6640,617.64,0.4286
6641,369.63,0.4286
6642,95.02,0.4286
6643,0.0,0.0
6644,0.0,0.0
6645,0.0,0.0
6646,0.0,0.0
6647,0.0,0.0
6648,0.0,0.0
6649,0.0,0.0
6650,0.0,0.0
6651,0.0,0.0
6652,0.0,0.0
6653,0.0,0.0
6654,0.0,0.0
6655,91.67,0.4286
6656,367.06,0.4286
6657,615.91,0.4286
6658,820.23,0.4286
6659,965.24,0.4286
6660,1040.47,0.4286
6661,1040.47,0.4286
6662,965.24,0.4286
6663,820.23,0.4286
6664,615.91,0.4286
6665,367.06,0.4286
6666,91.67,0.4286
6667,0.0,0.0
6668,0.0,0.0
6669,0.0,0.0
6670,0.0,0.0
6671,0.0,0.0
6672,0.0,0.0
6673,0.0,0.0
6674,0.0,0.0
6675,0.0,0.0
6676,0.0,0.0
6677,0.0,0.0
6678,0.0,0.0
6679,88.33,0.4286
6680,364.49,0.4286
6681,614.18,0.4286
6682,819.27,0.4286
6683,964.88,0.4286
6684,1040.43,0.4286
6685,1040.43,0.4286
6686,964.88,0.4286
6687,819.27,0.4286
6688,614.18,0.4286
6689,364.49,0.4286
6690,88.33,0.4286
6691,0.0,0.0
6692,0.0,0.0
6693,0.0,0.0
6694,0.0,0.0
6695,0.0,0.0
6696,0.0,0.0
6697,0.0,0.0
6698,0.0,0.0
6699,0.0,0.0
6700,0.0,0.0
6701,0.0,0.0
6702,0.0,0.0
6703,84.99,0.4286
6704,361.91,0.4286
6705,612.44,0.4286
6706,818.32,0.4286
6707,964.52,0.4286
6708,1040.39,0.4286
6709,1040.39,0.4286
6710,964.52,0.4286
6711,818.32,0.4286
6712,612.44,0.4286
6713,361.91,0.4286
6714,84.99,0.4286
6715,0.0,0.0
6716,0.0,0.0
6717,0.0,0.0
6718,0.0,0.0
6719,0.0,0.0
6720,0.0,0.0
6721,0.0,0.0
6722,0.0,0.0
6723,0.0,0.0
6724,0.0,0.0
6725,0.0,0.0
6726,0.0,0.0
6727,77.56,0.4286
6728,341.37,0.4286
6729,580.17,0.4286
6730,776.49,0.4286
6731,915.95,0.4286
6732,988.33,0.4286
6733,988.33,0.4286
6734,915.95,0.4286
6735,776.49,0.4286
6736,580.17,0.4286
6737,341.37,0.4286
6738,77.56,0.4286
6739,0.0,0.0
6740,0.0,0.0
6741,0.0,0.0
6742,0.0,0.0
6743,0.0,0.0
6744,0.0,0.0
6745,0.0,0.0
6746,0.0,0.0
6747,0.0,0.0
6748,0.0,0.0
6749,0.0,0.0
6750,0.0,0.0
6751,78.3,0.4286
6752,356.76,0.4286
6753,608.97,0.4286
6754,816.4,0.4286
6755,963.79,0.4286
6756,1040.3,0.4286
6757,1040.3,0.4286
6758,963.79,0.4286
6759,816.4,0.4286
6760,608.97,0.4286
6761,356.76,0.4286
6762,78.3,0.4286
6763,0.0,0.0
6764,0.0,0.0
6765,0.0,0.0
6766,0.0,0.0
6767,0.0,0.0
6768,0.0,0.0
6769,0.0,0.0
6770,0.0,0.0
6771,0.0,0.0
6772,0.0,0.0
6773,0.0,0.0
6774,0.0,0.0
6775,74.96,0.4286
6776,354.18,0.4286
6777,607.24,0.4286
6778,815.45,0.4286
6779,963.43,0.4286
6780,1040.26,0.4286
6781,1040.26,0.4286
6782,963.43,0.4286
6783,815.45,0.4286
6784,607.24,0.4286
6785,354.18,0.4286
6786,74.96,0.4286
6787,0.0,0.0
6788,0.0,0.0
6789,0.0,0.0
6790,0.0,0.0
6791,0.0,0.0
6792,0.0,0.0
6793,0.0,0.0
6794,0.0,0.0
6795,0.0,0.0
6796,0.0,0.0
6797,0.0,0.0
6798,0.0,0.0
6799,71.63,0.4286
6800,351.6,0.4286
6801,605.5,0.4286
6802,814.49,0.4286
6803,963.07,0.4286
6804,1040.22,0.4286
6805,1040.22,0.4286
6806,963.07,0.4286
6807,814.49,0.4286
6808,605.5,0.4286
6809,351.6,0.4286
6810,71.63,0.4286
6811,0.0,0.0
6812,0.0,0.0
6813,0.0,0.0
6814,0.0,0.0
6815,0.0,0.0
6816,0.0,0.0
6817,0.0,0.0
6818,0.0,0.0
6819,0.0,0.0
6820,0.0,0.0
6821,0.0,0.0
6822,0.0,0.0
6823,68.3,0.4286
6824,349.03,0.4286
6825,603.76,0.4286
6826,813.53,0.4286
6827,962.71,0.4286
6828,1040.18,0.4286
6829,1040.18,0.4286
6830,962.71,0.4286
6831,813.53,0.4286
6832,603.76,0.4286
6833,349.03,0.4286
6834,68.3,0.4286
6835,0.0,0.0
6836,0.0,0.0
6837,0.0,0.0
6838,0.0,0.0
6839,0.0,0.0
6840,0.0,0.0
6841,0.0,0.0
6842,0.0,0.0
6843,0.0,0.0
6844,0.0,0.0
6845,0.0,0.0
6846,0.0,0.0
6847,64.98,0.4286
6848,346.46,0.4286
6849,602.03,0.4286
6850,812.57,0.4286
6851,962.34,0.4286
6852,1040.14,0.4286
6853,1040.14,0.4286
6854,962.34,0.4286
6855,812.57,0.4286
6856,602.03,0.4286
6857,346.46,0.4286
6858,64.98,0.4286
6859,0.0,0.0
6860,0.0,0.0
6861,0.0,0.0
6862,0.0,0.0
6863,0.0,0.0
6864,0.0,0.0
6865,0.0,0.0
6866,0.0,0.0
6867,0.0,0.0
6868,0.0,0.0
6869,0.0,0.0
6870,0.0,0.0
6871,61.66,0.4286
6872,343.89,0.4286
6873,600.3,0.4286
6874,811.62,0.4286
6875,961.98,0.4286
6876,1040.1,0.4286
6877,1040.1,0.4286
6878,961.98,0.4286
6879,811.62,0.4286
6880,600.3,0.4286
6881,343.89,0.4286
6882,61.66,0.4286
6883,0.0,0.0
6884,0.0,0.0
6885,0.0,0.0
6886,0.0,0.0
6887,0.0,0.0
6888,0.0,0.0
6889,0.0,0.0
6890,0.0,0.0
6891,0.0,0.0
6892,0.0,0.0
6893,0.0,0.0
6894,0.0,0.0
6895,55.44,0.4286
6896,324.27,0.4286
6897,568.64,0.4286
6898,770.13,0.4286
6899,913.54,0.4286
6900,988.05,0.4286
6901,988.05,0.4286
6902,913.54,0.4286
6903,770.13,0.4286
6904,568.64,0.4286
6905,324.27,0.4286
6906,55.44,0.4286
6907,0.0,0.0
6908,0.0,0.0
6909,0.0,0.0
6910,0.0,0.0
6911,0.0,0.0
6912,0.0,0.0
6913,0.0,0.0
6914,0.0,0.0
6915,0.0,0.0
6916,0.0,0.0
6917,0.0,0.0
6918,0.0,0.0
6919,55.06,0.4286
6920,338.78,0.4286
6921,596.84,0.4286
6922,809.71,0.4286
6923,961.26,0.4286
6924,1040.01,0.4286
6925,1040.01,0.4286
6926,961.26,0.4286
6927,809.71,0.4286
6928,596.84,0.4286
6929,338.78,0.4286
6930,55.06,0.4286
6931,0.0,0.0
6932,0.0,0.0
6933,0.0,0.0
6934,0.0,0.0
6935,0.0,0.0
6936,0.0,0.0
6937,0.0,0.0
6938,0.0,0.0
6939,0.0,0.0
6940,0.0,0.0
6941,0.0,0.0
6942,0.0,0.0
6943,51.78,0.4286
6944,336.23,0.4286
6945,595.12,0.4286
6946,808.75,0.4286
6947,960.9,0.4286
6948,1039.97,0.4286
6949,1039.97,0.4286
6950,960.9,0.4286
6951,808.75,0.4286
6952,595.12,0.4286
6953,336.23,0.4286
6954,51.78,0.4286
6955,0.0,0.0
6956,0.0,0.0
6957,0.0,0.0
6958,0.0,0.0
6959,0.0,0.0
6960,0.0,0.0
6961,0.0,0.0
6962,0.0,0.0
6963,0.0,0.0
6964,0.0,0.0
6965,0.0,0.0
6966,0.0,0.0
6967,48.51,0.4286
6968,333.69,0.4286
6969,593.4,0.4286
6970,807.8,0.4286
6971,960.54,0.4286
6972,1039.93,0.4286
6973,1039.93,0.4286
6974,960.54,0.4286
6975,807.8,0.4286
6976,593.4,0.4286
6977,333.69,0.4286
6978,48.51,0.4286
6979,0.0,0.0
6980,0.0,0.0
6981,0.0,0.0
6982,0.0,0.0
6983,0.0,0.0
6984,0.0,0.0
6985,0.0,0.0
6986,0.0,0.0
6987,0.0,0.0
6988,0.0,0.0
6989,0.0,0.0
6990,0.0,0.0
6991,45.25,0.4286
6992,331.16,0.4286
6993,591.69,0.4286
6994,806.86,0.4286
6995,960.18,0.4286
6996,1039.89,0.4286
6997,1039.89,0.4286
6998,960.18,0.4286
6999,806.86,0.4286
7000,591.69,0.4286
7001,331.16,0.4286
7002,45.25,0.4286
7003,0.0,0.0
7004,0.0,0.0
7005,0.0,0.0
7006,0.0,0.0
7007,0.0,0.0
7008,0.0,0.0
7009,0.0,0.0
7010,0.0,0.0
7011,0.0,0.0
7012,0.0,0.0
7013,0.0,0.0
7014,0.0,0.0
7015,42.01,0.4286
7016,328.64,0.4286
7017,589.98,0.4286
7018,805.91,0.4286
7019,959.82,0.4286
7020,1039.85,0.4286
7021,1039.85,0.4286
7022,959.82,0.4286
7023,805.91,0.4286
7024,589.98,0.4286
7025,328.64,0.4286
7026,42.01,0.4286
7027,0.0,0.0
7028,0.0,0.0
7029,0.0,0.0
7030,0.0,0.0
7031,0.0,0.0
7032,0.0,0.0
7033,0.0,0.0
7034,0.0,0.0
7035,0.0,0.0
7036,0.0,0.0
7037,0.0,0.0
7038,0.0,0.0
7039,38.78,0.4286
7040,326.13,0.4286
7041,588.28,0.4286
7042,804.97,0.4286
7043,959.46,0.4286
7044,1039.81,0.4286
7045,1039.81,0.4286
7046,959.46,0.4286
7047,804.97,0.4286
7048,588.28,0.4286
7049,326.13,0.4286
7050,38.78,0.4286
7051,0.0,0.0
7052,0.0,0.0
7053,0.0,0.0
7054,0.0,0.0
7055,0.0,0.0
7056,0.0,0.0
7057,0.0,0.0
7058,0.0,0.0
7059,0.0,0.0
7060,0.0,0.0
7061,0.0,0.0
7062,0.0,0.0
7063,33.8,0.4286
7064,307.46,0.4286
7065,557.26,0.4286
7066,763.83,0.4286
7067,911.15,0.4286
7068,987.78,0.4286
7069,987.78,0.4286
7070,911.15,0.4286
7071,763.83,0.4286
7072,557.26,0.4286
7073,307.46,0.4286
7074,33.8,0.4286
7075,0.0,0.0
7076,0.0,0.0
7077,0.0,0.0
7078,0.0,0.0
7079,0.0,0.0
7080,0.0,0.0
7081,0.0,0.0
7082,0.0,0.0
7083,0.0,0.0
7084,0.0,0.0
7085,0.0,0.0
7086,0.0,0.0
7087,32.39,0.4286
7088,321.15,0.4286
7089,584.9,0.4286
7090,803.1,0.4286
7091,958.75,0.4286
7092,1039.73,0.4286
7093,1039.73,0.4286
7094,958.75,0.4286
7095,803.1,0.4286
7096,584.9,0.4286
7097,321.15,0.4286
7098,32.39,0.4286
7099,0.0,0.0
7100,0.0,0.0
7101,0.0,0.0
7102,0.0,0.0
7103,0.0,0.0
7104,0.0,0.0
7105,0.0,0.0
7106,0.0,0.0
7107,0.0,0.0
7108,0.0,0.0
7109,0.0,0.0
7110,0.0,0.0
7111,29.22,0.4286
7112,318.68,0.4286
7113,583.23,0.4286
7114,802.17,0.4286
7115,958.4,0.4286
7116,1039.69,0.4286
7117,1039.69,0.4286
7118,958.4,0.4286
7119,802.17,0.4286
7120,583.23,0.4286
7121,318.68,0.4286
7122,29.22,0.4286
7123,0.0,0.0
7124,0.0,0.0
7125,0.0,0.0
7126,0.0,0.0
7127,0.0,0.0
7128,0.0,0.0
7129,0.0,0.0
7130,0.0,0.0
7131,0.0,0.0
7132,0.0,0.0
7133,0.0,0.0
7134,0.0,0.0
7135,26.08,0.4286
7136,316.23,0.4286
7137,581.56,0.4286
7138,801.25,0.4286
7139,958.05,0.4286
7140,1039.65,0.4286
7141,1039.65,0.4286
7142,958.05,0.4286
7143,801.25,0.4286
7144,581.56,0.4286
7145,316.23,0.4286
7146,26.08,0.4286
7147,0.0,0.0
7148,0.0,0.0
7149,0.0,0.0
7150,0.0,0.0
7151,0.0,0.0
7152,0.0,0.0
7153,0.0,0.0
7154,0.0,0.0
7155,0.0,0.0
7156,0.0,0.0
7157,0.0,0.0
7158,0.0,0.0
7159,22.96,0.4286
7160,313.79,0.4286
7161,579.91,0.4286
7162,800.33,0.4286
7163,957.7,0.4286
7164,1039.61,0.4286
7165,1039.61,0.4286
7166,957.7,0.4286
7167,800.33,0.4286
7168,579.91,0.4286
7169,313.79,0.4286
7170,22.96,0.4286
7171,0.0,0.0
7172,0.0,0.0
7173,0.0,0.0
7174,0.0,0.0
7175,0.0,0.0
7176,0.0,0.0
7177,0.0,0.0
7178,0.0,0.0
7179,0.0,0.0
7180,0.0,0.0
7181,0.0,0.0
7182,0.0,0.0
7183,19.86,0.4286
7184,311.37,0.4286
7185,578.26,0.4286
7186,799.42,0.4286
7187,957.35,0.4286
7188,1039.57,0.4286
7189,1039.57,0.4286
7190,957.35,0.4286
7191,799.42,0.4286
7192,578.26,0.4286
7193,311.37,0.4286
7194,19.86,0.4286
7195,0.0,0.0
7196,0.0,0.0
7197,0.0,0.0
7198,0.0,0.0
7199,0.0,0.0
7200,0.0,0.0
7201,0.0,0.0
7202,0.0,0.0
7203,0.0,0.0
7204,0.0,0.0
7205,0.0,0.0
7206,0.0,0.0
7207,16.79,0.4286
7208,308.97,0.4286
7209,576.63,0.4286
7210,798.51,0.4286
7211,957.01,0.4286
7212,1039.53,0.4286
7213,1039.53,0.4286
7214,957.01,0.4286
7215,798.51,0.4286
7216,576.63,0.4286
7217,308.97,0.4286
7218,16.79,0.4286
7219,0.0,0.0
7220,0.0,0.0
7221,0.0,0.0
7222,0.0,0.0
7223,0.0,0.0
7224,0.0,0.0
7225,0.0,0.0
7226,0.0,0.0
7227,0.0,0.0
7228,0.0,0.0
7229,0.0,0.0
7230,0.0,0.0
7231,13.05,0.4286
7232,291.26,0.4286
7233,546.26,0.4286
7234,757.73,0.4286
7235,908.83,0.4286
7236,987.52,0.4286
7237,987.52,0.4286
7238,908.83,0.4286
7239,757.73,0.4286
7240,546.26,0.4286
7241,291.26,0.4286
7242,13.05,0.4286
7243,0.0,0.0
7244,0.0,0.0
7245,0.0,0.0
7246,0.0,0.0
7247,0.0,0.0
7248,0.0,0.0
7249,0.0,0.0
7250,0.0,0.0
7251,0.0,0.0
7252,0.0,0.0
7253,0.0,0.0
7254,0.0,0.0
7255,10.72,0.4085
7256,304.23,0.4286
7257,573.4,0.4286
7258,796.72,0.4286
7259,956.32,0.4286
7260,1039.45,0.4286
7261,1039.45,0.4286
7262,956.32,0.4286
7263,796.72,0.4286
7264,573.4,0.4286
7265,304.23,0.4286
7266,10.72,0.4085
7267,0.0,0.0
7268,0.0,0.0
7269,0.0,0.0
7270,0.0,0.0
7271,0.0,0.0
7272,0.0,0.0
7273,0.0,0.0
7274,0.0,0.0
7275,0.0,0.0
7276,0.0,0.0
7277,0.0,0.0
7278,0.0,0.0
7279,7.74,0.2947
7280,301.89,0.4286
7281,571.81,0.4286
7282,795.84,0.4286
7283,955.99,0.4286
7284,1039.41,0.4286
7285,1039.41,0.4286
7286,955.99,0.4286
7287,795.84,0.4286
7288,571.81,0.4286
7289,301.89,0.4286
7290,7.74,0.2947
7291,0.0,0.0
7292,0.0,0.0
7293,0.0,0.0
7294,0.0,0.0
7295,0.0,0.0
7296,0.0,0.0
7297,0.0,0.0
7298,0.0,0.0
7299,0.0,0.0
7300,0.0,0.0
7301,0.0,0.0
7302,0.0,0.0
7303,4.78,0.1821
7304,299.57,0.4286
7305,570.23,0.4286
7306,794.96,0.4286
7307,955.65,0.4286
7308,1039.37,0.4286
7309,1039.37,0.4286
7310,955.65,0.4286
7311,794.96,0.4286
7312,570.23,0.4286
7313,299.57,0.4286
7314,4.78,0.1821
7315,0.0,0.0
7316,0.0,0.0
7317,0.0,0.0
7318,0.0,0.0
7319,0.0,0.0
7320,0.0,0.0
7321,0.0,0.0
7322,0.0,0.0
7323,0.0,0.0
7324,0.0,0.0
7325,0.0,0.0
7326,0.0,0.0
7327,1.86,0.0707
7328,297.28,0.4286
7329,568.67,0.4286
7330,794.09,0.4286
7331,955.32,0.4286
7332,1039.34,0.4286
7333,1039.34,0.4286
7334,955.32,0.4286
7335,794.09,0.4286
7336,568.67,0.4286
7337,297.28,0.4286
7338,1.86,0.0707
7339,0.0,0.0
7340,0.0,0.0
7341,0.0,0.0
7342,0.0,0.0
7343,0.0,0.0
7344,0.0,0.0
7345,0.0,0.0
7346,0.0,0.0
7347,0.0,0.0
7348,0.0,0.0
7349,0.0,0.0
7350,0.0,0.0
7351,0.0,0.0
7352,295.01,0.4286
7353,567.12,0.4286
7354,793.23,0.4286
7355,955.0,0.4286
7356,1039.3,0.4286
7357,1039.3,0.4286
7358,955.0,0.4286
7359,793.23,0.4286
7360,567.12,0.4286
7361,295.01,0.4286
7362,0.0,0.0
7363,0.0,0.0
7364,0.0,0.0
7365,0.0,0.0
7366,0.0,0.0
7367,0.0,0.0
7368,0.0,0.0
7369,0.0,0.0
7370,0.0,0.0
7371,0.0,0.0
7372,0.0,0.0
7373,0.0,0.0
7374,0.0,0.0
7375,0.0,0.0
7376,292.76,0.4286
7377,565.59,0.4286
7378,792.38,0.4286
7379,954.67,0.4286
7380,1039.26,0.4286
7381,1039.26,0.4286
7382,954.67,0.4286
7383,792.38,0.4286
7384,565.59,0.4286
7385,292.76,0.4286
7386,0.0,0.0
7387,0.0,0.0
7388,0.0,0.0
7389,0.0,0.0
7390,0.0,0.0
7391,0.0,0.0
7392,0.0,0.0
7393,0.0,0.0
7394,0.0,0.0
7395,0.0,0.0
7396,0.0,0.0
7397,0.0,0.0
7398,0.0,0.0
7399,0.0,0.0
7400,276.02,0.4286
7401,535.87,0.4286
7402,751.96,0.4286
7403,906.63,0.4286
7404,987.26,0.4286
7405,987.26,0.4286
7406,906.63,0.4286
7407,751.96,0.4286
7408,535.87,0.4286
7409,276.02,0.4286
7410,0.0,0.0
7411,0.0,0.0
7412,0.0,0.0
7413,0.0,0.0
7414,0.0,0.0
7415,0.0,0.0
7416,0.0,0.0
7417,0.0,0.0
7418,0.0,0.0
7419,0.0,0.0
7420,0.0,0.0
7421,0.0,0.0
7422,0.0,0.0
7423,0.0,0.0
7424,288.36,0.4286
7425,562.58,0.4286
7426,790.71,0.4286
7427,954.04,0.4286
7428,1039.19,0.4286
7429,1039.19,0.4286
7430,954.04,0.4286
7431,790.71,0.4286
7432,562.58,0.4286
7433,288.36,0.4286
7434,0.0,0.0
7435,0.0,0.0
7436,0.0,0.0
7437,0.0,0.0
7438,0.0,0.0
7439,0.0,0.0
7440,0.0,0.0
7441,0.0,0.0
7442,0.0,0.0
7443,0.0,0.0
7444,0.0,0.0
7445,0.0,0.0
7446,0.0,0.0
7447,0.0,0.0
7448,286.2,0.4286
7449,561.11,0.4286
7450,789.88,0.4286
7451,953.72,0.4286
7452,1039.15,0.4286
7453,1039.15,0.4286
7454,953.72,0.4286
7455,789.88,0.4286
7456,561.11,0.4286
7457,286.2,0.4286
7458,0.0,0.0
7459,0.0,0.0
7460,0.0,0.0
7461,0.0,0.0
7462,0.0,0.0
7463,0.0,0.0
7464,0.0,0.0
7465,0.0,0.0
7466,0.0,0.0
7467,0.0,0.0
7468,0.0,0.0
7469,0.0,0.0
7470,0.0,0.0
7471,0.0,0.0
7472,284.07,0.4286
7473,559.65,0.4286
7474,789.07,0.4286
7475,953.41,0.4286
7476,1039.12,0.4286
7477,1039.12,0.4286
7478,953.41,0.4286
7479,789.07,0.4286
7480,559.65,0.4286
7481,284.07,0.4286
7482,0.0,0.0
7483,0.0,0.0
7484,0.0,0.0
7485,0.0,0.0
7486,0.0,0.0
7487,0.0,0.0
7488,0.0,0.0
7489,0.0,0.0
7490,0.0,0.0
7491,0.0,0.0
7492,0.0,0.0
7493,0.0,0.0
7494,0.0,0.0
7495,0.0,0.0
7496,281.97,0.4286
7497,558.22,0.4286
7498,788.27,0.4286
7499,953.11,0.4286
7500,1039.08,0.4286
7501,1039.08,0.4286
7502,953.11,0.4286
7503,788.27,0.4286
7504,558.22,0.4286
7505,281.97,0.4286
7506,0.0,0.0
7507,0.0,0.0
7508,0.0,0.0
7509,0.0,0.0
7510,0.0,0.0
7511,0.0,0.0
7512,0.0,0.0
7513,0.0,0.0
7514,0.0,0.0
7515,0.0,0.0
7516,0.0,0.0
7517,0.0,0.0
7518,0.0,0.0
7519,0.0,0.0
7520,279.91,0.4286
7521,556.8,0.4286
7522,787.49,0.4286
7523,952.81,0.4286
7524,1039.05,0.4286
7525,1039.05,0.4286
7526,952.81,0.4286
7527,787.49,0.4286
7528,556.8,0.4286
7529,279.91,0.4286
7530,0.0,0.0
7531,0.0,0.0
7532,0.0,0.0
7533,0.0,0.0
7534,0.0,0.0
7535,0.0,0.0
7536,0.0,0.0
7537,0.0,0.0
7538,0.0,0.0
7539,0.0,0.0
7540,0.0,0.0
7541,0.0,0.0
7542,0.0,0.0
7543,0.0,0.0
7544,277.87,0.4286
7545,555.41,0.4286
7546,786.71,0.4286
7547,952.51,0.4286
7548,1039.02,0.4286
7549,1039.02,0.4286
7550,952.51,0.4286
7551,786.71,0.4286
7552,555.41,0.4286
7553,277.87,0.4286
7554,0.0,0.0
7555,0.0,0.0
7556,0.0,0.0
7557,0.0,0.0
7558,0.0,0.0
7559,0.0,0.0
7560,0.0,0.0
7561,0.0,0.0
7562,0.0,0.0
7563,0.0,0.0
7564,0.0,0.0
7565,0.0,0.0
7566,0.0,0.0
7567,0.0,0.0
7568,262.08,0.4286
7569,526.34,0.4286
7570,746.65,0.4286
7571,904.61,0.4286
7572,987.03,0.4286
7573,987.03,0.4286
7574,904.61,0.4286
7575,746.65,0.4286
7576,526.34,0.4286
7577,262.08,0.4286
7578,0.0,0.0
7579,0.0,0.0
7580,0.0,0.0
7581,0.0,0.0
7582,0.0,0.0
7583,0.0,0.0
7584,0.0,0.0
7585,0.0,0.0
7586,0.0,0.0
7587,0.0,0.0
7588,0.0,0.0
7589,0.0,0.0
7590,0.0,0.0
7591,0.0,0.0
7592,273.91,0.4286
7593,552.7,0.4286
7594,785.2,0.4286
7595,951.94,0.4286
7596,1038.95,0.4286
7597,1038.95,0.4286
7598,951.94,0.4286
7599,785.2,0.4286
7600,552.7,0.4286
7601,273.91,0.4286
7602,0.0,0.0
7603,0.0,0.0
7604,0.0,0.0
7605,0.0,0.0
7606,0.0,0.0
7607,0.0,0.0
7608,0.0,0.0
7609,0.0,0.0
7610,0.0,0.0
7611,0.0,0.0
7612,0.0,0.0
7613,0.0,0.0
7614,0.0,0.0
7615,0.0,0.0
7616,271.99,0.4286
7617,551.38,0.4286
7618,784.46,0.4286
7619,951.66,0.4286
7620,1038.92,0.4286
7621,1038.92,0.4286
7622,951.66,0.4286
7623,784.46,0.4286
7624,551.38,0.4286
7625,271.99,0.4286
7626,0.0,0.0
7627,0.0,0.0
7628,0.0,0.0
7629,0.0,0.0
7630,0.0,0.0
7631,0.0,0.0
7632,0.0,0.0
7633,0.0,0.0
7634,0.0,0.0
7635,0.0,0.0
7636,0.0,0.0
7637,0.0,0.0
7638,0.0,0.0
7639,0.0,0.0
7640,270.09,0.4286
7641,550.08,0.4286
7642,783.74,0.4286
7643,951.38,0.4286
7644,1038.89,0.4286
7645,1038.89,0.4286
7646,951.38,0.4286
7647,783.74,0.4286
7648,550.08,0.4286
7649,270.09,0.4286
7650,0.0,0.0
7651,0.0,0.0
7652,0.0,0.0
7653,0.0,0.0
7654,0.0,0.0
7655,0.0,0.0
7656,0.0,0.0
7657,0.0,0.0
7658,0.0,0.0
7659,0.0,0.0
7660,0.0,0.0
7661,0.0,0.0
7662,0.0,0.0
7663,0.0,0.0
7664,268.24,0.4286
7665,548.81,0.4286
7666,783.03,0.4286
7667,951.11,0.4286
7668,1038.86,0.4286
7669,1038.86,0.4286
7670,951.11,0.4286
7671,783.03,0.4286
7672,548.81,0.4286
7673,268.24,0.4286
7674,0.0,0.0
7675,0.0,0.0
7676,0.0,0.0
7677,0.0,0.0
7678,0.0,0.0
7679,0.0,0.0
7680,0.0,0.0
7681,0.0,0.0
7682,0.0,0.0
7683,0.0,0.0
7684,0.0,0.0
7685,0.0,0.0
7686,0.0,0.0
7687,0.0,0.0
7688,266.43,0.4286
7689,547.57,0.4286
7690,782.34,0.4286
7691,950.84,0.4286
7692,1038.82,0.4286
7693,1038.82,0.4286
7694,950.84,0.4286
7695,782.34,0.4286
7696,547.57,0.4286
7697,266.43,0.4286
7698,0.0,0.0
7699,0.0,0.0
7700,0.0,0.0
7701,0.0,0.0
7702,0.0,0.0
7703,0.0,0.0
7704,0.0,0.0
7705,0.0,0.0
7706,0.0,0.0
7707,0.0,0.0
7708,0.0,0.0
7709,0.0,0.0
7710,0.0,0.0
7711,0.0,0.0
7712,264.66,0.4286
7713,546.35,0.4286
7714,781.66,0.4286
7715,950.59,0.4286
7716,1038.8,0.4286
7717,1038.8,0.4286
7718,950.59,0.4286
7719,781.66,0.4286
7720,546.35,0.4286
7721,264.66,0.4286
7722,0.0,0.0
7723,0.0,0.0
7724,0.0,0.0
7725,0.0,0.0
7726,0.0,0.0
7727,0.0,0.0
7728,0.0,0.0
7729,0.0,0.0
7730,0.0,0.0
7731,0.0,0.0
7732,0.0,0.0
7733,0.0,0.0
7734,0.0,0.0
7735,0.0,0.0
7736,249.78,0.4286
7737,517.91,0.4286
7738,741.94,0.4286
7739,902.82,0.4286
7740,986.83,0.4286
7741,986.83,0.4286
7742,902.82,0.4286
7743,741.94,0.4286
7744,517.91,0.4286
7745,249.78,0.4286
7746,0.0,0.0
7747,0.0,0.0
7748,0.0,0.0
7749,0.0,0.0
7750,0.0,0.0
7751,0.0,0.0
7752,0.0,0.0
7753,0.0,0.0
7754,0.0,0.0
7755,0.0,0.0
7756,0.0,0.0
7757,0.0,0.0
7758,0.0,0.0
7759,0.0,0.0
7760,261.24,0.4286
7761,544.0,0.4286
7762,780.34,0.4286
7763,950.08,0.4286
7764,1038.74,0.4286
7765,1038.74,0.4286
7766,950.08,0.4286
7767,780.34,0.4286
7768,544.0,0.4286
7769,261.24,0.4286
7770,0.0,0.0
7771,0.0,0.0
7772,0.0,0.0
7773,0.0,0.0
7774,0.0,0.0
7775,0.0,0.0
7776,0.0,0.0
7777,0.0,0.0
7778,0.0,0.0
7779,0.0,0.0
7780,0.0,0.0
7781,0.0,0.0
7782,0.0,0.0
7783,0.0,0.0
7784,259.59,0.4286
7785,542.87,0.4286
7786,779.71,0.4286
7787,949.84,0.4286
7788,1038.71,0.4286
7789,1038.71,0.4286
7790,949.84,0.4286
7791,779.71,0.4286
7792,542.87,0.4286
7793,259.59,0.4286
7794,0.0,0.0
7795,0.0,0.0
7796,0.0,0.0
7797,0.0,0.0
7798,0.0,0.0
7799,0.0,0.0
7800,0.0,0.0
7801,0.0,0.0
7802,0.0,0.0
7803,0.0,0.0
7804,0.0,0.0
7805,0.0,0.0
7806,0.0,0.0
7807,0.0,0.0
7808,257.99,0.4286
7809,541.77,0.4286
7810,779.1,0.4286
7811,949.61,0.4286
7812,1038.68,0.4286
7813,1038.68,0.4286
7814,949.61,0.4286
7815,779.1,0.4286
7816,541.77,0.4286
7817,257.99,0.4286
7818,0.0,0.0
7819,0.0,0.0
7820,0.0,0.0
7821,0.0,0.0
7822,0.0,0.0
7823,0.0,0.0
7824,0.0,0.0
7825,0.0,0.0
7826,0.0,0.0
7827,0.0,0.0
7828,0.0,0.0
7829,0.0,0.0
7830,0.0,0.0
7831,0.0,0.0
7832,256.43,0.4286
7833,540.7,0.4286
7834,778.5,0.4286
7835,949.38,0.4286
7836,1038.66,0.4286
7837,1038.66,0.4286
7838,949.38,0.4286
7839,778.5,0.4286
7840,540.7,0.4286
7841,256.43,0.4286
7842,0.0,0.0
7843,0.0,0.0
7844,0.0,0.0
7845,0.0,0.0
7846,0.0,0.0
7847,0.0,0.0
7848,0.0,0.0
7849,0.0,0.0
7850,0.0,0.0
7851,0.0,0.0
7852,0.0,0.0
7853,0.0,0.0
7854,0.0,0.0
7855,0.0,0.0
7856,254.91,0.4286
7857,539.66,0.4286
7858,777.92,0.4286
7859,949.16,0.4286
7860,1038.63,0.4286
7861,1038.63,0.4286
7862,949.16,0.4286
7863,777.92,0.4286
7864,539.66,0.4286
7865,254.91,0.4286
7866,0.0,0.0
7867,0.0,0.0
7868,0.0,0.0
7869,0.0,0.0
7870,0.0,0.0
7871,0.0,0.0
7872,0.0,0.0
7873,0.0,0.0
7874,0.0,0.0
7875,0.0,0.0
7876,0.0,0.0
7877,0.0,0.0
7878,0.0,0.0
7879,0.0,0.0
7880,253.45,0.4286
7881,538.65,0.4286
7882,777.35,0.4286
7883,948.94,0.4286
7884,1038.61,0.4286
7885,1038.61,0.4286
7886,948.94,0.4286
7887,777.35,0.4286
7888,538.65,0.4286
7889,253.45,0.4286
7890,0.0,0.0
7891,0.0,0.0
7892,0.0,0.0
7893,0.0,0.0
7894,0.0,0.0
7895,0.0,0.0
7896,0.0,0.0
7897,0.0,0.0
7898,0.0,0.0
7899,0.0,0.0
7900,0.0,0.0
7901,0.0,0.0
7902,0.0,0.0
7903,0.0,0.0
7904,239.42,0.4286
7905,510.79,0.4286
7906,737.96,0.4286
7907,901.3,0.4286
7908,986.65,0.4286
7909,986.65,0.4286
7910,901.3,0.4286
7911,737.96,0.4286
7912,510.79,0.4286
7913,239.42,0.4286
7914,0.0,0.0
7915,0.0,0.0
7916,0.0,0.0
7917,0.0,0.0
7918,0.0,0.0
7919,0.0,0.0
7920,0.0,0.0
7921,0.0,0.0
7922,0.0,0.0
7923,0.0,0.0
7924,0.0,0.0
7925,0.0,0.0
7926,0.0,0.0
7927,0.0,0.0
7928,250.65,0.4286
7929,536.73,0.4286
7930,776.28,0.4286
7931,948.53,0.4286
7932,1038.56,0.4286
7933,1038.56,0.4286
7934,948.53,0.4286
7935,776.28,0.4286
7936,536.73,0.4286
7937,250.65,0.4286
7938,0.0,0.0
7939,0.0,0.0
7940,0.0,0.0
7941,0.0,0.0
7942,0.0,0.0
7943,0.0,0.0
7944,0.0,0.0
7945,0.0,0.0
7946,0.0,0.0
7947,0.0,0.0
7948,0.0,0.0
7949,0.0,0.0
7950,0.0,0.0
7951,0.0,0.0
7952,249.33,0.4286
7953,535.82,0.4286
7954,775.77,0.4286
7955,948.34,0.4286
7956,1038.54,0.4286
7957,1038.54,0.4286
7958,948.34,0.4286
7959,775.77,0.4286
7960,535.82,0.4286
7961,249.33,0.4286
7962,0.0,0.0
7963,0.0,0.0
7964,0.0,0.0
7965,0.0,0.0
7966,0.0,0.0
7967,0.0,0.0
7968,0.0,0.0
7969,0.0,0.0
7970,0.0,0.0
7971,0.0,0.0
7972,0.0,0.0
7973,0.0,0.0
7974,0.0,0.0
7975,0.0,0.0
7976,248.06,0.4286
7977,534.94,0.4286
7978,775.27,0.4286
7979,948.15,0.4286
7980,1038.52,0.4286
7981,1038.52,0.4286
7982,948.15,0.4286
7983,775.27,0.4286
7984,534.94,0.4286
7985,248.06,0.4286
7986,0.0,0.0
7987,0.0,0.0
7988,0.0,0.0
7989,0.0,0.0
7990,0.0,0.0
7991,0.0,0.0
7992,0.0,0.0
7993,0.0,0.0
7994,0.0,0.0
7995,0.0,0.0
7996,0.0,0.0
7997,0.0,0.0
7998,0.0,0.0
7999,0.0,0.0
8000,246.83,0.4286
8001,534.1,0.4286
8002,774.8,0.4286
8003,947.97,0.4286
8004,1038.5,0.4286
8005,1038.5,0.4286
8006,947.97,0.4286
8007,774.8,0.4286
8008,534.1,0.4286
8009,246.83,0.4286
8010,0.0,0.0
8011,0.0,0.0
8012,0.0,0.0
8013,0.0,0.0
8014,0.0,0.0
8015,0.0,0.0
8016,0.0,0.0
8017,0.0,0.0
8018,0.0,0.0
8019,0.0,0.0
8020,0.0,0.0
8021,0.0,0.0
8022,0.0,0.0
8023,0.0,0.0
8024,245.66,0.4286
8025,533.29,0.4286
8026,774.35,0.4286
8027,947.79,0.4286
8028,1038.48,0.4286
8029,1038.48,0.4286
8030,947.79,0.4286
8031,774.35,0.4286
8032,533.29,0.4286
8033,245.66,0.4286
8034,0.0,0.0
8035,0.0,0.0
8036,0.0,0.0
8037,0.0,0.0
8038,0.0,0.0
8039,0.0,0.0
8040,0.0,0.0
8041,0.0,0.0
8042,0.0,0.0
8043,0.0,0.0
8044,0.0,0.0
8045,0.0,0.0
8046,0.0,0.0
8047,0.0,0.0
8048,244.54,0.4286
8049,532.51,0.4286
8050,773.92,0.4286
8051,947.63,0.4286
8052,1038.46,0.4286
8053,1038.46,0.4286
8054,947.63,0.4286
8055,773.92,0.4286
8056,532.51,0.4286
8057,244.54,0.4286
8058,0.0,0.0
8059,0.0,0.0
8060,0.0,0.0
8061,0.0,0.0
8062,0.0,0.0
8063,0.0,0.0
8064,0.0,0.0
8065,0.0,0.0
8066,0.0,0.0
8067,0.0,0.0
8068,0.0,0.0
8069,0.0,0.0
8070,0.0,0.0
8071,0.0,0.0
8072,231.29,0.4286
8073,505.19,0.4286
8074,734.83,0.4286
8075,900.1,0.4286
8076,986.52,0.4286
8077,986.52,0.4286
8078,900.1,0.4286
8079,734.83,0.4286
8080,505.19,0.4286
8081,231.29,0.4286
8082,0.0,0.0
8083,0.0,0.0
8084,0.0,0.0
8085,0.0,0.0
8086,0.0,0.0
8087,0.0,0.0
8088,0.0,0.0
8089,0.0,0.0
8090,0.0,0.0
8091,0.0,0.0
8092,0.0,0.0
8093,0.0,0.0
8094,0.0,0.0
8095,0.0,0.0
8096,242.45,0.4286
8097,531.08,0.4286
8098,773.11,0.4286
8099,947.32,0.4286
8100,1038.42,0.4286
8101,1038.42,0.4286
8102,947.32,0.4286
8103,773.11,0.4286
8104,531.08,0.4286
8105,242.45,0.4286
8106,0.0,0.0
8107,0.0,0.0
8108,0.0,0.0
8109,0.0,0.0
8110,0.0,0.0
8111,0.0,0.0
8112,0.0,0.0
8113,0.0,0.0
8114,0.0,0.0
8115,0.0,0.0
8116,0.0,0.0
8117,0.0,0.0
8118,0.0,0.0
8119,0.0,0.0
8120,241.48,0.4286
8121,530.41,0.4286
8122,772.74,0.4286
8123,947.18,0.4286
8124,1038.41,0.4286
8125,1038.41,0.4286
8126,947.18,0.4286
8127,772.74,0.4286
8128,530.41,0.4286
8129,241.48,0.4286
8130,0.0,0.0
8131,0.0,0.0
8132,0.0,0.0
8133,0.0,0.0
8134,0.0,0.0
8135,0.0,0.0
8136,0.0,0.0
8137,0.0,0.0
8138,0.0,0.0
8139,0.0,0.0
8140,0.0,0.0
8141,0.0,0.0
8142,0.0,0.0
8143,0.0,0.0
8144,240.57,0.4286
8145,529.78,0.4286
8146,772.39,0.4286
8147,947.04,0.4286
8148,1038.39,0.4286
8149,1038.39,0.4286
8150,947.04,0.4286
8151,772.39,0.4286
8152,529.78,0.4286
8153,240.57,0.4286
8154,0.0,0.0
8155,0.0,0.0
8156,0.0,0.0
8157,0.0,0.0
8158,0.0,0.0
8159,0.0,0.0
8160,0.0,0.0
8161,0.0,0.0
8162,0.0,0.0
8163,0.0,0.0
8164,0.0,0.0
8165,0.0,0.0
8166,0.0,0.0
8167,0.0,0.0
8168,239.72,0.4286
8169,529.19,0.4286
8170,772.05,0.4286
8171,946.92,0.4286
8172,1038.38,0.4286
8173,1038.38,0.4286
8174,946.92,0.4286
8175,772.05,0.4286
8176,529.19,0.4286
8177,239.72,0.4286
8178,0.0,0.0
8179,0.0,0.0
8180,0.0,0.0
8181,0.0,0.0
8182,0.0,0.0
8183,0.0,0.0
8184,0.0,0.0
8185,0.0,0.0
8186,0.0,0.0
8187,0.0,0.0
8188,0.0,0.0
8189,0.0,0.0
8190,0.0,0.0
8191,0.0,0.0
8192,238.92,0.4286
8193,528.64,0.4286
8194,771.74,0.4286
8195,946.8,0.4286
8196,1038.36,0.4286
8197,1038.36,0.4286
8198,946.8,0.4286
8199,771.74,0.4286
8200,528.64,0.4286
8201,238.92,0.4286
8202,0.0,0.0
8203,0.0,0.0
8204,0.0,0.0
8205,0.0,0.0
8206,0.0,0.0
8207,0.0,0.0
8208,0.0,0.0
8209,0.0,0.0
8210,0.0,0.0
8211,0.0,0.0
8212,0.0,0.0
8213,0.0,0.0
8214,0.0,0.0
8215,0.0,0.0
8216,238.17,0.4286
8217,528.12,0.4286
8218,771.46,0.4286
8219,946.69,0.4286
8220,1038.35,0.4286
8221,1038.35,0.4286
8222,946.69,0.4286
8223,771.46,0.4286
8224,528.12,0.4286
8225,238.17,0.4286
8226,0.0,0.0
8227,0.0,0.0
8228,0.0,0.0
8229,0.0,0.0
8230,0.0,0.0
8231,0.0,0.0
8232,0.0,0.0
8233,0.0,0.0
8234,0.0,0.0
8235,0.0,0.0
8236,0.0,0.0
8237,0.0,0.0
8238,0.0,0.0
8239,0.0,0.0
8240,225.61,0.4286
8241,501.26,0.4286
8242,732.63,0.4286
8243,899.26,0.4286
8244,986.42,0.4286
8245,986.42,0.4286
8246,899.26,0.4286
8247,732.63,0.4286
8248,501.26,0.4286
8249,225.61,0.4286
8250,0.0,0.0
8251,0.0,0.0
8252,0.0,0.0
8253,0.0,0.0
8254,0.0,0.0
8255,0.0,0.0
8256,0.0,0.0
8257,0.0,0.0
8258,0.0,0.0
8259,0.0,0.0
8260,0.0,0.0
8261,0.0,0.0
8262,0.0,0.0
8263,0.0,0.0
8264,236.85,0.4286
8265,527.21,0.4286
8266,770.94,0.4286
8267,946.49,0.4286
8268,1038.33,0.4286
8269,1038.33,0.4286
8270,946.49,0.4286
8271,770.94,0.4286
8272,527.21,0.4286
8273,236.85,0.4286
8274,0.0,0.0
8275,0.0,0.0
8276,0.0,0.0
8277,0.0,0.0
8278,0.0,0.0
8279,0.0,0.0
8280,0.0,0.0
8281,0.0,0.0
8282,0.0,0.0
8283,0.0,0.0
8284,0.0,0.0
8285,0.0,0.0
8286,0.0,0.0
8287,0.0,0.0
8288,236.27,0.4286
8289,526.81,0.4286
8290,770.72,0.4286
8291,946.41,0.4286
8292,1038.32,0.4286
8293,1038.32,0.4286
8294,946.41,0.4286
8295,770.72,0.4286
8296,526.81,0.4286
8297,236.27,0.4286
8298,0.0,0.0
8299,0.0,0.0
8300,0.0,0.0
8301,0.0,0.0
8302,0.0,0.0
8303,0.0,0.0
8304,0.0,0.0
8305,0.0,0.0
8306,0.0,0.0
8307,0.0,0.0
8308,0.0,0.0
8309,0.0,0.0
8310,0.0,0.0
8311,0.0,0.0
8312,235.75,0.4286
8313,526.45,0.4286
8314,770.52,0.4286
8315,946.33,0.4286
8316,1038.31,0.4286
8317,1038.31,0.4286
8318,946.33,0.4286
8319,770.52,0.4286
8320,526.45,0.4286
8321,235.75,0.4286
8322,0.0,0.0
8323,0.0,0.0
8324,0.0,0.0
8325,0.0,0.0
8326,0.0,0.0
8327,0.0,0.0
8328,0.0,0.0
8329,0.0,0.0
8330,0.0,0.0
8331,0.0,0.0
8332,0.0,0.0
8333,0.0,0.0
8334,0.0,0.0
8335,0.0,0.0
8336,235.28,0.4286
8337,526.13,0.4286
8338,770.34,0.4286
8339,946.26,0.4286
8340,1038.3,0.4286
8341,1038.3,0.4286
8342,946.26,0.4286
8343,770.34,0.4286
8344,526.13,0.4286
8345,235.28,0.4286
8346,0.0,0.0
8347,0.0,0.0
8348,0.0,0.0
8349,0.0,0.0
8350,0.0,0.0
8351,0.0,0.0
8352,0.0,0.0
8353,0.0,0.0
8354,0.0,0.0
8355,0.0,0.0
8356,0.0,0.0
8357,0.0,0.0
8358,0.0,0.0
8359,0.0,0.0
8360,234.88,0.4286
8361,525.85,0.4286
8362,770.18,0.4286
8363,946.2,0.4286
8364,1038.29,0.4286
8365,1038.29,0.4286
8366,946.2,0.4286
8367,770.18,0.4286
8368,525.85,0.4286
8369,234.88,0.4286
8370,0.0,0.0
8371,0.0,0.0
8372,0.0,0.0
8373,0.0,0.0
8374,0.0,0.0
8375,0.0,0.0
8376,0.0,0.0
8377,0.0,0.0
8378,0.0,0.0
8379,0.0,0.0
8380,0.0,0.0
8381,0.0,0.0
8382,0.0,0.0
8383,0.0,0.0
8384,234.53,0.4286
8385,525.61,0.4286
8386,770.05,0.4286
8387,946.15,0.4286
8388,1038.29,0.4286
8389,1038.29,0.4286
8390,946.15,0.4286
8391,770.05,0.4286
8392,525.61,0.4286
8393,234.53,0.4286
8394,0.0,0.0
8395,0.0,0.0
8396,0.0,0.0
8397,0.0,0.0
8398,0.0,0.0
8399,0.0,0.0
8400,0.0,0.0
8401,0.0,0.0
8402,0.0,0.0
8403,0.0,0.0
8404,0.0,0.0
8405,0.0,0.0
8406,0.0,0.0
8407,0.0,0.0
8408,222.53,0.4286
8409,499.14,0.4286
8410,731.44,0.4286
8411,898.8,0.4286
8412,986.37,0.4286
8413,986.37,0.4286
8414,898.8,0.4286
8415,731.44,0.4286
8416,499.14,0.4286
8417,222.53,0.4286
8418,0.0,0.0
8419,0.0,0.0
8420,0.0,0.0
8421,0.0,0.0
8422,0.0,0.0
8423,0.0,0.0
8424,0.0,0.0
8425,0.0,0.0
8426,0.0,0.0
8427,0.0,0.0
8428,0.0,0.0
8429,0.0,0.0
8430,0.0,0.0
8431,0.0,0.0
8432,234.0,0.4286
8433,525.25,0.4286
8434,769.84,0.4286
8435,946.07,0.4286
8436,1038.28,0.4286
8437,1038.28,0.4286
8438,946.07,0.4286
8439,769.84,0.4286
8440,525.25,0.4286
8441,234.0,0.4286
8442,0.0,0.0
8443,0.0,0.0
8444,0.0,0.0
8445,0.0,0.0
8446,0.0,0.0
8447,0.0,0.0
8448,0.0,0.0
8449,0.0,0.0
8450,0.0,0.0
8451,0.0,0.0
8452,0.0,0.0
8453,0.0,0.0
8454,0.0,0.0
8455,0.0,0.0
8456,233.83,0.4286
8457,525.13,0.4286
8458,769.78,0.4286
8459,946.04,0.4286
8460,1038.28,0.4286
8461,1038.28,0.4286
8462,946.04,0.4286
8463,769.78,0.4286
8464,525.13,0.4286
8465,233.83,0.4286
8466,0.0,0.0
8467,0.0,0.0
8468,0.0,0.0
8469,0.0,0.0
8470,0.0,0.0
8471,0.0,0.0
8472,0.0,0.0
8473,0.0,0.0
8474,0.0,0.0
8475,0.0,0.0
8476,0.0,0.0
8477,0.0,0.0
8478,0.0,0.0
8479,0.0,0.0
8480,233.71,0.4286
8481,525.05,0.4286
8482,769.73,0.4286
8483,946.03,0.4286
8484,1038.27,0.4286
8485,1038.27,0.4286
8486,946.03,0.4286
8487,769.73,0.4286
8488,525.05,0.4286
8489,233.71,0.4286
8490,0.0,0.0
8491,0.0,0.0
8492,0.0,0.0
8493,0.0,0.0
8494,0.0,0.0
8495,0.0,0.0
8496,0.0,0.0
8497,0.0,0.0
8498,0.0,0.0
8499,0.0,0.0
8500,0.0,0.0
8501,0.0,0.0
8502,0.0,0.0
8503,0.0,0.0
8504,233.65,0.4286
8505,525.01,0.4286
8506,769.71,0.4286
8507,946.02,0.4286
8508,1038.27,0.4286
8509,1038.27,0.4286
8510,946.02,0.4286
8511,769.71,0.4286
8512,525.01,0.4286
8513,233.65,0.4286
8514,0.0,0.0
8515,0.0,0.0
8516,0.0,0.0
8517,0.0,0.0
8518,0.0,0.0
8519,0.0,0.0
8520,0.0,0.0
8521,0.0,0.0
8522,0.0,0.0
8523,0.0,0.0
8524,0.0,0.0
8525,0.0,0.0
8526,0.0,0.0
8527,0.0,0.0
8528,233.65,0.4286
8529,525.01,0.4286
8530,769.71,0.4286
8531,946.02,0.4286
8532,1038.27,0.4286
8533,1038.27,0.4286
8534,946.02,0.4286
8535,769.71,0.4286
8536,525.01,0.4286
8537,233.65,0.4286
8538,0.0,0.0
8539,0.0,0.0
8540,0.0,0.0
8541,0.0,0.0
8542,0.0,0.0
8543,0.0,0.0
8544,0.0,0.0
8545,0.0,0.0
8546,0.0,0.0
8547,0.0,0.0
8548,0.0,0.0
8549,0.0,0.0
8550,0.0,0.0
8551,0.0,0.0
8552,233.71,0.4286
8553,525.05,0.4286
8554,769.73,0.4286
8555,946.03,0.4286
8556,1038.27,0.4286
8557,1038.27,0.4286
8558,946.03,0.4286
8559,769.73,0.4286
8560,525.05,0.4286
8561,233.71,0.4286
8562,0.0,0.0
8563,0.0,0.0
8564,0.0,0.0
8565,0.0,0.0
8566,0.0,0.0
8567,0.0,0.0
8568,0.0,0.0
8569,0.0,0.0
8570,0.0,0.0
8571,0.0,0.0
8572,0.0,0.0
8573,0.0,0.0
8574,0.0,0.0
8575,0.0,0.0
8576,222.14,0.4286
8577,498.87,0.4286
8578,731.29,0.4286
8579,898.74,0.4286
8580,986.36,0.4286
8581,986.36,0.4286
8582,898.74,0.4286
8583,731.29,0.4286
8584,498.87,0.4286
8585,222.14,0.4286
8586,0.0,0.0
8587,0.0,0.0
8588,0.0,0.0
8589,0.0,0.0
8590,0.0,0.0
8591,0.0,0.0
8592,0.0,0.0
8593,0.0,0.0
8594,0.0,0.0
8595,0.0,0.0
8596,0.0,0.0
8597,0.0,0.0
8598,0.0,0.0
8599,0.0,0.0
8600,234.0,0.4286
8601,525.25,0.4286
8602,769.84,0.4286
8603,946.07,0.4286
8604,1038.28,0.4286
8605,1038.28,0.4286
8606,946.07,0.4286
8607,769.84,0.4286
8608,525.25,0.4286
8609,234.0,0.4286
8610,0.0,0.0
8611,0.0,0.0
8612,0.0,0.0
8613,0.0,0.0
8614,0.0,0.0
8615,0.0,0.0
8616,0.0,0.0
8617,0.0,0.0
8618,0.0,0.0
8619,0.0,0.0
8620,0.0,0.0
8621,0.0,0.0
8622,0.0,0.0
8623,0.0,0.0
8624,234.24,0.4286
8625,525.41,0.4286
8626,769.93,0.4286
8627,946.1,0.4286
8628,1038.28,0.4286
8629,1038.28,0.4286
8630,946.1,0.4286
8631,769.93,0.4286
8632,525.41,0.4286
8633,234.24,0.4286
8634,0.0,0.0
8635,0.0,0.0
8636,0.0,0.0
8637,0.0,0.0
8638,0.0,0.0
8639,0.0,0.0
8640,0.0,0.0
8641,0.0,0.0
8642,0.0,0.0
8643,0.0,0.0
8644,0.0,0.0
8645,0.0,0.0
8646,0.0,0.0
8647,0.0,0.0
8648,234.53,0.4286
8649,525.61,0.4286
8650,770.05,0.4286
8651,946.15,0.4286
8652,1038.29,0.4286
8653,1038.29,0.4286
8654,946.15,0.4286
8655,770.05,0.4286
8656,525.61,0.4286
8657,234.53,0.4286
8658,0.0,0.0
8659,0.0,0.0
8660,0.0,0.0
8661,0.0,0.0
8662,0.0,0.0
8663,0.0,0.0
8664,0.0,0.0
8665,0.0,0.0
8666,0.0,0.0
8667,0.0,0.0
8668,0.0,0.0
8669,0.0,0.0
8670,0.0,0.0
8671,0.0,0.0
8672,234.88,0.4286
8673,525.85,0.4286
8674,770.18,0.4286
8675,946.2,0.4286
8676,1038.29,0.4286
8677,1038.29,0.4286
8678,946.2,0.4286
8679,770.18,0.4286
8680,525.85,0.4286
8681,234.88,0.4286
8682,0.0,0.0
8683,0.0,0.0
8684,0.0,0.0
8685,0.0,0.0
8686,0.0,0.0
8687,0.0,0.0
8688,0.0,0.0
8689,0.0,0.0
8690,0.0,0.0
8691,0.0,0.0
8692,0.0,0.0
8693,0.0,0.0
8694,0.0,0.0
8695,0.0,0.0
8696,235.28,0.4286
8697,526.13,0.4286
8698,770.34,0.4286
8699,946.26,0.4286
8700,1038.3,0.4286
8701,1038.3,0.4286
8702,946.26,0.4286
8703,770.34,0.4286
8704,526.13,0.4286
8705,235.28,0.4286
8706,0.0,0.0
8707,0.0,0.0
8708,0.0,0.0
8709,0.0,0.0
8710,0.0,0.0
8711,0.0,0.0
8712,0.0,0.0
8713,0.0,0.0
8714,0.0,0.0
8715,0.0,0.0
8716,0.0,0.0
8717,0.0,0.0
8718,0.0,0.0
8719,0.0,0.0
8720,235.75,0.4286
8721,526.45,0.4286
8722,770.52,0.4286
8723,946.33,0.4286
8724,1038.31,0.4286
8725,1038.31,0.4286
8726,946.33,0.4286
8727,770.52,0.4286
8728,526.45,0.4286
8729,235.75,0.4286
8730,0.0,0.0
8731,0.0,0.0
8732,0.0,0.0
8733,0.0,0.0
8734,0.0,0.0
8735,0.0,0.0
8736,0.0,0.0
8737,0.0,0.0
8738,0.0,0.0
8739,0.0,0.0
8740,0.0,0.0
8741,0.0,0.0
8742,0.0,0.0
8743,0.0,0.0
8744,224.45,0.4286
8745,500.47,0.4286
8746,732.18,0.4286
8747,899.09,0.4286
8748,986.4,0.4286
8749,986.4,0.4286
8750,899.09,0.4286
8751,732.18,0.4286
8752,500.47,0.4286
8753,224.45,0.4286
8754,0.0,0.0
8755,0.0,0.0
8756,0.0,0.0
8757,0.0,0.0
8758,0.0,0.0
8759,0.0,0.0
8760,0.0,0.0
